topology,mixing_strategy,num_nodes,seed,k_target,round,node_id,accuracy,degree
ER,metropolis_hastings,50,42,4,1,0,27.0,4
ER,metropolis_hastings,50,42,4,1,1,10.56,9
ER,metropolis_hastings,50,42,4,1,2,24.05,4
ER,metropolis_hastings,50,42,4,1,3,27.61,5
ER,metropolis_hastings,50,42,4,1,4,12.02,1
ER,metropolis_hastings,50,42,4,1,5,18.29,3
ER,metropolis_hastings,50,42,4,1,6,26.46,4
ER,metropolis_hastings,50,42,4,1,7,21.34,5
ER,metropolis_hastings,50,42,4,1,8,13.8,4
ER,metropolis_hastings,50,42,4,1,9,21.19,1
ER,metropolis_hastings,50,42,4,1,10,27.29,3
ER,metropolis_hastings,50,42,4,1,11,23.33,6
ER,metropolis_hastings,50,42,4,1,12,10.02,2
ER,metropolis_hastings,50,42,4,1,13,23.44,5
ER,metropolis_hastings,50,42,4,1,14,23.56,7
ER,metropolis_hastings,50,42,4,1,15,14.4,3
ER,metropolis_hastings,50,42,4,1,16,10.79,5
ER,metropolis_hastings,50,42,4,1,17,21.24,4
ER,metropolis_hastings,50,42,4,1,18,20.37,4
ER,metropolis_hastings,50,42,4,1,19,21.85,1
ER,metropolis_hastings,50,42,4,1,20,25.72,4
ER,metropolis_hastings,50,42,4,1,21,23.65,3
ER,metropolis_hastings,50,42,4,1,22,24.34,8
ER,metropolis_hastings,50,42,4,1,23,19.73,4
ER,metropolis_hastings,50,42,4,1,24,26.88,5
ER,metropolis_hastings,50,42,4,1,25,20.94,5
ER,metropolis_hastings,50,42,4,1,26,23.84,5
ER,metropolis_hastings,50,42,4,1,27,15.73,4
ER,metropolis_hastings,50,42,4,1,28,19.37,4
ER,metropolis_hastings,50,42,4,1,29,20.78,7
ER,metropolis_hastings,50,42,4,1,30,19.47,5
ER,metropolis_hastings,50,42,4,1,31,24.12,3
ER,metropolis_hastings,50,42,4,1,32,11.06,4
ER,metropolis_hastings,50,42,4,1,33,16.08,3
ER,metropolis_hastings,50,42,4,1,34,23.19,2
ER,metropolis_hastings,50,42,4,1,35,11.13,6
ER,metropolis_hastings,50,42,4,1,36,19.48,3
ER,metropolis_hastings,50,42,4,1,37,15.19,4
ER,metropolis_hastings,50,42,4,1,38,18.22,5
ER,metropolis_hastings,50,42,4,1,39,15.22,4
ER,metropolis_hastings,50,42,4,1,40,28.78,3
ER,metropolis_hastings,50,42,4,1,41,10.0,3
ER,metropolis_hastings,50,42,4,1,42,17.21,3
ER,metropolis_hastings,50,42,4,1,43,15.47,2
ER,metropolis_hastings,50,42,4,1,44,21.94,6
ER,metropolis_hastings,50,42,4,1,45,26.36,5
ER,metropolis_hastings,50,42,4,1,46,21.16,2
ER,metropolis_hastings,50,42,4,1,47,18.27,5
ER,metropolis_hastings,50,42,4,1,48,17.11,4
ER,metropolis_hastings,50,42,4,1,49,28.33,3
ER,metropolis_hastings,50,42,4,2,0,30.79,4
ER,metropolis_hastings,50,42,4,2,1,25.19,9
ER,metropolis_hastings,50,42,4,2,2,35.8,4
ER,metropolis_hastings,50,42,4,2,3,29.38,5
ER,metropolis_hastings,50,42,4,2,4,10.19,1
ER,metropolis_hastings,50,42,4,2,5,24.96,3
ER,metropolis_hastings,50,42,4,2,6,32.2,4
ER,metropolis_hastings,50,42,4,2,7,27.25,5
ER,metropolis_hastings,50,42,4,2,8,16.46,4
ER,metropolis_hastings,50,42,4,2,9,16.93,1
ER,metropolis_hastings,50,42,4,2,10,29.73,3
ER,metropolis_hastings,50,42,4,2,11,29.55,6
ER,metropolis_hastings,50,42,4,2,12,10.03,2
ER,metropolis_hastings,50,42,4,2,13,30.23,5
ER,metropolis_hastings,50,42,4,2,14,27.82,7
ER,metropolis_hastings,50,42,4,2,15,21.51,3
ER,metropolis_hastings,50,42,4,2,16,18.17,5
ER,metropolis_hastings,50,42,4,2,17,26.85,4
ER,metropolis_hastings,50,42,4,2,18,28.23,4
ER,metropolis_hastings,50,42,4,2,19,19.71,1
ER,metropolis_hastings,50,42,4,2,20,33.59,4
ER,metropolis_hastings,50,42,4,2,21,21.92,3
ER,metropolis_hastings,50,42,4,2,22,31.68,8
ER,metropolis_hastings,50,42,4,2,23,20.3,4
ER,metropolis_hastings,50,42,4,2,24,27.43,5
ER,metropolis_hastings,50,42,4,2,25,41.09,5
ER,metropolis_hastings,50,42,4,2,26,24.53,5
ER,metropolis_hastings,50,42,4,2,27,21.19,4
ER,metropolis_hastings,50,42,4,2,28,21.62,4
ER,metropolis_hastings,50,42,4,2,29,25.8,7
ER,metropolis_hastings,50,42,4,2,30,26.64,5
ER,metropolis_hastings,50,42,4,2,31,21.52,3
ER,metropolis_hastings,50,42,4,2,32,16.29,4
ER,metropolis_hastings,50,42,4,2,33,19.97,3
ER,metropolis_hastings,50,42,4,2,34,26.21,2
ER,metropolis_hastings,50,42,4,2,35,14.81,6
ER,metropolis_hastings,50,42,4,2,36,23.13,3
ER,metropolis_hastings,50,42,4,2,37,31.56,4
ER,metropolis_hastings,50,42,4,2,38,21.6,5
ER,metropolis_hastings,50,42,4,2,39,21.55,4
ER,metropolis_hastings,50,42,4,2,40,26.58,3
ER,metropolis_hastings,50,42,4,2,41,14.52,3
ER,metropolis_hastings,50,42,4,2,42,25.78,3
ER,metropolis_hastings,50,42,4,2,43,21.91,2
ER,metropolis_hastings,50,42,4,2,44,36.53,6
ER,metropolis_hastings,50,42,4,2,45,27.4,5
ER,metropolis_hastings,50,42,4,2,46,24.26,2
ER,metropolis_hastings,50,42,4,2,47,28.81,5
ER,metropolis_hastings,50,42,4,2,48,20.43,4
ER,metropolis_hastings,50,42,4,2,49,31.89,3
ER,metropolis_hastings,50,42,4,3,0,35.51,4
ER,metropolis_hastings,50,42,4,3,1,28.08,9
ER,metropolis_hastings,50,42,4,3,2,37.68,4
ER,metropolis_hastings,50,42,4,3,3,30.29,5
ER,metropolis_hastings,50,42,4,3,4,10.16,1
ER,metropolis_hastings,50,42,4,3,5,25.31,3
ER,metropolis_hastings,50,42,4,3,6,32.86,4
ER,metropolis_hastings,50,42,4,3,7,32.59,5
ER,metropolis_hastings,50,42,4,3,8,31.97,4
ER,metropolis_hastings,50,42,4,3,9,14.76,1
ER,metropolis_hastings,50,42,4,3,10,29.79,3
ER,metropolis_hastings,50,42,4,3,11,27.0,6
ER,metropolis_hastings,50,42,4,3,12,16.46,2
ER,metropolis_hastings,50,42,4,3,13,36.56,5
ER,metropolis_hastings,50,42,4,3,14,29.11,7
ER,metropolis_hastings,50,42,4,3,15,25.57,3
ER,metropolis_hastings,50,42,4,3,16,20.6,5
ER,metropolis_hastings,50,42,4,3,17,26.71,4
ER,metropolis_hastings,50,42,4,3,18,33.18,4
ER,metropolis_hastings,50,42,4,3,19,21.22,1
ER,metropolis_hastings,50,42,4,3,20,29.02,4
ER,metropolis_hastings,50,42,4,3,21,22.13,3
ER,metropolis_hastings,50,42,4,3,22,32.03,8
ER,metropolis_hastings,50,42,4,3,23,27.41,4
ER,metropolis_hastings,50,42,4,3,24,34.49,5
ER,metropolis_hastings,50,42,4,3,25,45.69,5
ER,metropolis_hastings,50,42,4,3,26,25.97,5
ER,metropolis_hastings,50,42,4,3,27,27.13,4
ER,metropolis_hastings,50,42,4,3,28,28.89,4
ER,metropolis_hastings,50,42,4,3,29,35.44,7
ER,metropolis_hastings,50,42,4,3,30,27.63,5
ER,metropolis_hastings,50,42,4,3,31,24.3,3
ER,metropolis_hastings,50,42,4,3,32,35.86,4
ER,metropolis_hastings,50,42,4,3,33,21.8,3
ER,metropolis_hastings,50,42,4,3,34,30.67,2
ER,metropolis_hastings,50,42,4,3,35,19.84,6
ER,metropolis_hastings,50,42,4,3,36,23.55,3
ER,metropolis_hastings,50,42,4,3,37,40.67,4
ER,metropolis_hastings,50,42,4,3,38,24.91,5
ER,metropolis_hastings,50,42,4,3,39,28.67,4
ER,metropolis_hastings,50,42,4,3,40,30.28,3
ER,metropolis_hastings,50,42,4,3,41,22.45,3
ER,metropolis_hastings,50,42,4,3,42,38.14,3
ER,metropolis_hastings,50,42,4,3,43,20.68,2
ER,metropolis_hastings,50,42,4,3,44,35.41,6
ER,metropolis_hastings,50,42,4,3,45,31.14,5
ER,metropolis_hastings,50,42,4,3,46,35.17,2
ER,metropolis_hastings,50,42,4,3,47,34.36,5
ER,metropolis_hastings,50,42,4,3,48,22.88,4
ER,metropolis_hastings,50,42,4,3,49,30.58,3
ER,metropolis_hastings,50,42,4,4,0,39.89,4
ER,metropolis_hastings,50,42,4,4,1,30.26,9
ER,metropolis_hastings,50,42,4,4,2,43.22,4
ER,metropolis_hastings,50,42,4,4,3,32.77,5
ER,metropolis_hastings,50,42,4,4,4,10.46,1
ER,metropolis_hastings,50,42,4,4,5,27.84,3
ER,metropolis_hastings,50,42,4,4,6,35.19,4
ER,metropolis_hastings,50,42,4,4,7,35.03,5
ER,metropolis_hastings,50,42,4,4,8,43.33,4
ER,metropolis_hastings,50,42,4,4,9,22.53,1
ER,metropolis_hastings,50,42,4,4,10,32.87,3
ER,metropolis_hastings,50,42,4,4,11,27.81,6
ER,metropolis_hastings,50,42,4,4,12,23.02,2
ER,metropolis_hastings,50,42,4,4,13,43.34,5
ER,metropolis_hastings,50,42,4,4,14,32.87,7
ER,metropolis_hastings,50,42,4,4,15,26.09,3
ER,metropolis_hastings,50,42,4,4,16,23.93,5
ER,metropolis_hastings,50,42,4,4,17,29.56,4
ER,metropolis_hastings,50,42,4,4,18,36.72,4
ER,metropolis_hastings,50,42,4,4,19,27.48,1
ER,metropolis_hastings,50,42,4,4,20,29.0,4
ER,metropolis_hastings,50,42,4,4,21,27.97,3
ER,metropolis_hastings,50,42,4,4,22,35.05,8
ER,metropolis_hastings,50,42,4,4,23,31.69,4
ER,metropolis_hastings,50,42,4,4,24,39.87,5
ER,metropolis_hastings,50,42,4,4,25,45.68,5
ER,metropolis_hastings,50,42,4,4,26,26.89,5
ER,metropolis_hastings,50,42,4,4,27,29.5,4
ER,metropolis_hastings,50,42,4,4,28,38.8,4
ER,metropolis_hastings,50,42,4,4,29,38.5,7
ER,metropolis_hastings,50,42,4,4,30,30.53,5
ER,metropolis_hastings,50,42,4,4,31,29.96,3
ER,metropolis_hastings,50,42,4,4,32,44.6,4
ER,metropolis_hastings,50,42,4,4,33,22.76,3
ER,metropolis_hastings,50,42,4,4,34,33.01,2
ER,metropolis_hastings,50,42,4,4,35,27.75,6
ER,metropolis_hastings,50,42,4,4,36,22.93,3
ER,metropolis_hastings,50,42,4,4,37,43.58,4
ER,metropolis_hastings,50,42,4,4,38,29.05,5
ER,metropolis_hastings,50,42,4,4,39,30.6,4
ER,metropolis_hastings,50,42,4,4,40,36.01,3
ER,metropolis_hastings,50,42,4,4,41,28.46,3
ER,metropolis_hastings,50,42,4,4,42,43.31,3
ER,metropolis_hastings,50,42,4,4,43,19.6,2
ER,metropolis_hastings,50,42,4,4,44,35.2,6
ER,metropolis_hastings,50,42,4,4,45,42.86,5
ER,metropolis_hastings,50,42,4,4,46,35.77,2
ER,metropolis_hastings,50,42,4,4,47,36.74,5
ER,metropolis_hastings,50,42,4,4,48,28.65,4
ER,metropolis_hastings,50,42,4,4,49,31.51,3
ER,metropolis_hastings,50,42,4,5,0,45.1,4
ER,metropolis_hastings,50,42,4,5,1,33.94,9
ER,metropolis_hastings,50,42,4,5,2,48.69,4
ER,metropolis_hastings,50,42,4,5,3,39.74,5
ER,metropolis_hastings,50,42,4,5,4,12.22,1
ER,metropolis_hastings,50,42,4,5,5,31.47,3
ER,metropolis_hastings,50,42,4,5,6,38.06,4
ER,metropolis_hastings,50,42,4,5,7,39.16,5
ER,metropolis_hastings,50,42,4,5,8,52.67,4
ER,metropolis_hastings,50,42,4,5,9,25.67,1
ER,metropolis_hastings,50,42,4,5,10,34.84,3
ER,metropolis_hastings,50,42,4,5,11,29.74,6
ER,metropolis_hastings,50,42,4,5,12,26.16,2
ER,metropolis_hastings,50,42,4,5,13,46.09,5
ER,metropolis_hastings,50,42,4,5,14,35.75,7
ER,metropolis_hastings,50,42,4,5,15,32.11,3
ER,metropolis_hastings,50,42,4,5,16,33.55,5
ER,metropolis_hastings,50,42,4,5,17,30.4,4
ER,metropolis_hastings,50,42,4,5,18,40.15,4
ER,metropolis_hastings,50,42,4,5,19,33.94,1
ER,metropolis_hastings,50,42,4,5,20,31.08,4
ER,metropolis_hastings,50,42,4,5,21,36.44,3
ER,metropolis_hastings,50,42,4,5,22,39.84,8
ER,metropolis_hastings,50,42,4,5,23,35.64,4
ER,metropolis_hastings,50,42,4,5,24,44.48,5
ER,metropolis_hastings,50,42,4,5,25,46.54,5
ER,metropolis_hastings,50,42,4,5,26,32.34,5
ER,metropolis_hastings,50,42,4,5,27,32.25,4
ER,metropolis_hastings,50,42,4,5,28,41.17,4
ER,metropolis_hastings,50,42,4,5,29,41.48,7
ER,metropolis_hastings,50,42,4,5,30,35.54,5
ER,metropolis_hastings,50,42,4,5,31,33.66,3
ER,metropolis_hastings,50,42,4,5,32,48.17,4
ER,metropolis_hastings,50,42,4,5,33,28.5,3
ER,metropolis_hastings,50,42,4,5,34,34.36,2
ER,metropolis_hastings,50,42,4,5,35,39.41,6
ER,metropolis_hastings,50,42,4,5,36,24.84,3
ER,metropolis_hastings,50,42,4,5,37,48.68,4
ER,metropolis_hastings,50,42,4,5,38,33.08,5
ER,metropolis_hastings,50,42,4,5,39,33.74,4
ER,metropolis_hastings,50,42,4,5,40,40.71,3
ER,metropolis_hastings,50,42,4,5,41,33.99,3
ER,metropolis_hastings,50,42,4,5,42,45.4,3
ER,metropolis_hastings,50,42,4,5,43,19.58,2
ER,metropolis_hastings,50,42,4,5,44,39.73,6
ER,metropolis_hastings,50,42,4,5,45,54.61,5
ER,metropolis_hastings,50,42,4,5,46,36.7,2
ER,metropolis_hastings,50,42,4,5,47,38.91,5
ER,metropolis_hastings,50,42,4,5,48,39.75,4
ER,metropolis_hastings,50,42,4,5,49,34.04,3
ER,metropolis_hastings,50,42,4,6,0,48.35,4
ER,metropolis_hastings,50,42,4,6,1,44.28,9
ER,metropolis_hastings,50,42,4,6,2,54.47,4
ER,metropolis_hastings,50,42,4,6,3,47.66,5
ER,metropolis_hastings,50,42,4,6,4,14.54,1
ER,metropolis_hastings,50,42,4,6,5,36.02,3
ER,metropolis_hastings,50,42,4,6,6,40.0,4
ER,metropolis_hastings,50,42,4,6,7,43.93,5
ER,metropolis_hastings,50,42,4,6,8,54.07,4
ER,metropolis_hastings,50,42,4,6,9,31.36,1
ER,metropolis_hastings,50,42,4,6,10,35.65,3
ER,metropolis_hastings,50,42,4,6,11,34.7,6
ER,metropolis_hastings,50,42,4,6,12,27.68,2
ER,metropolis_hastings,50,42,4,6,13,50.03,5
ER,metropolis_hastings,50,42,4,6,14,39.81,7
ER,metropolis_hastings,50,42,4,6,15,35.49,3
ER,metropolis_hastings,50,42,4,6,16,43.86,5
ER,metropolis_hastings,50,42,4,6,17,32.85,4
ER,metropolis_hastings,50,42,4,6,18,42.47,4
ER,metropolis_hastings,50,42,4,6,19,41.46,1
ER,metropolis_hastings,50,42,4,6,20,33.02,4
ER,metropolis_hastings,50,42,4,6,21,38.37,3
ER,metropolis_hastings,50,42,4,6,22,44.98,8
ER,metropolis_hastings,50,42,4,6,23,38.25,4
ER,metropolis_hastings,50,42,4,6,24,48.4,5
ER,metropolis_hastings,50,42,4,6,25,49.99,5
ER,metropolis_hastings,50,42,4,6,26,43.89,5
ER,metropolis_hastings,50,42,4,6,27,35.12,4
ER,metropolis_hastings,50,42,4,6,28,42.22,4
ER,metropolis_hastings,50,42,4,6,29,44.58,7
ER,metropolis_hastings,50,42,4,6,30,39.84,5
ER,metropolis_hastings,50,42,4,6,31,43.1,3
ER,metropolis_hastings,50,42,4,6,32,49.12,4
ER,metropolis_hastings,50,42,4,6,33,39.96,3
ER,metropolis_hastings,50,42,4,6,34,35.76,2
ER,metropolis_hastings,50,42,4,6,35,47.4,6
ER,metropolis_hastings,50,42,4,6,36,27.78,3
ER,metropolis_hastings,50,42,4,6,37,52.27,4
ER,metropolis_hastings,50,42,4,6,38,35.73,5
ER,metropolis_hastings,50,42,4,6,39,42.55,4
ER,metropolis_hastings,50,42,4,6,40,49.12,3
ER,metropolis_hastings,50,42,4,6,41,38.46,3
ER,metropolis_hastings,50,42,4,6,42,46.59,3
ER,metropolis_hastings,50,42,4,6,43,20.25,2
ER,metropolis_hastings,50,42,4,6,44,44.51,6
ER,metropolis_hastings,50,42,4,6,45,57.59,5
ER,metropolis_hastings,50,42,4,6,46,37.43,2
ER,metropolis_hastings,50,42,4,6,47,42.13,5
ER,metropolis_hastings,50,42,4,6,48,46.6,4
ER,metropolis_hastings,50,42,4,6,49,37.48,3
ER,metropolis_hastings,50,42,4,7,0,51.66,4
ER,metropolis_hastings,50,42,4,7,1,50.18,9
ER,metropolis_hastings,50,42,4,7,2,57.08,4
ER,metropolis_hastings,50,42,4,7,3,49.75,5
ER,metropolis_hastings,50,42,4,7,4,21.62,1
ER,metropolis_hastings,50,42,4,7,5,38.54,3
ER,metropolis_hastings,50,42,4,7,6,45.06,4
ER,metropolis_hastings,50,42,4,7,7,49.72,5
ER,metropolis_hastings,50,42,4,7,8,55.18,4
ER,metropolis_hastings,50,42,4,7,9,33.18,1
ER,metropolis_hastings,50,42,4,7,10,38.66,3
ER,metropolis_hastings,50,42,4,7,11,39.28,6
ER,metropolis_hastings,50,42,4,7,12,30.92,2
ER,metropolis_hastings,50,42,4,7,13,53.08,5
ER,metropolis_hastings,50,42,4,7,14,44.81,7
ER,metropolis_hastings,50,42,4,7,15,38.54,3
ER,metropolis_hastings,50,42,4,7,16,49.32,5
ER,metropolis_hastings,50,42,4,7,17,36.27,4
ER,metropolis_hastings,50,42,4,7,18,46.15,4
ER,metropolis_hastings,50,42,4,7,19,44.78,1
ER,metropolis_hastings,50,42,4,7,20,34.2,4
ER,metropolis_hastings,50,42,4,7,21,40.82,3
ER,metropolis_hastings,50,42,4,7,22,49.53,8
ER,metropolis_hastings,50,42,4,7,23,39.79,4
ER,metropolis_hastings,50,42,4,7,24,50.83,5
ER,metropolis_hastings,50,42,4,7,25,52.22,5
ER,metropolis_hastings,50,42,4,7,26,51.64,5
ER,metropolis_hastings,50,42,4,7,27,41.25,4
ER,metropolis_hastings,50,42,4,7,28,42.94,4
ER,metropolis_hastings,50,42,4,7,29,46.32,7
ER,metropolis_hastings,50,42,4,7,30,44.59,5
ER,metropolis_hastings,50,42,4,7,31,48.35,3
ER,metropolis_hastings,50,42,4,7,32,47.98,4
ER,metropolis_hastings,50,42,4,7,33,45.9,3
ER,metropolis_hastings,50,42,4,7,34,36.87,2
ER,metropolis_hastings,50,42,4,7,35,51.22,6
ER,metropolis_hastings,50,42,4,7,36,31.93,3
ER,metropolis_hastings,50,42,4,7,37,55.88,4
ER,metropolis_hastings,50,42,4,7,38,45.7,5
ER,metropolis_hastings,50,42,4,7,39,46.59,4
ER,metropolis_hastings,50,42,4,7,40,54.02,3
ER,metropolis_hastings,50,42,4,7,41,44.22,3
ER,metropolis_hastings,50,42,4,7,42,47.8,3
ER,metropolis_hastings,50,42,4,7,43,21.12,2
ER,metropolis_hastings,50,42,4,7,44,47.06,6
ER,metropolis_hastings,50,42,4,7,45,58.6,5
ER,metropolis_hastings,50,42,4,7,46,43.26,2
ER,metropolis_hastings,50,42,4,7,47,45.86,5
ER,metropolis_hastings,50,42,4,7,48,50.77,4
ER,metropolis_hastings,50,42,4,7,49,42.27,3
ER,metropolis_hastings,50,42,4,8,0,53.28,4
ER,metropolis_hastings,50,42,4,8,1,54.65,9
ER,metropolis_hastings,50,42,4,8,2,59.02,4
ER,metropolis_hastings,50,42,4,8,3,52.02,5
ER,metropolis_hastings,50,42,4,8,4,30.29,1
ER,metropolis_hastings,50,42,4,8,5,40.56,3
ER,metropolis_hastings,50,42,4,8,6,50.0,4
ER,metropolis_hastings,50,42,4,8,7,52.33,5
ER,metropolis_hastings,50,42,4,8,8,56.78,4
ER,metropolis_hastings,50,42,4,8,9,39.22,1
ER,metropolis_hastings,50,42,4,8,10,40.97,3
ER,metropolis_hastings,50,42,4,8,11,43.29,6
ER,metropolis_hastings,50,42,4,8,12,35.69,2
ER,metropolis_hastings,50,42,4,8,13,55.0,5
ER,metropolis_hastings,50,42,4,8,14,50.94,7
ER,metropolis_hastings,50,42,4,8,15,41.07,3
ER,metropolis_hastings,50,42,4,8,16,53.95,5
ER,metropolis_hastings,50,42,4,8,17,40.19,4
ER,metropolis_hastings,50,42,4,8,18,48.07,4
ER,metropolis_hastings,50,42,4,8,19,44.21,1
ER,metropolis_hastings,50,42,4,8,20,35.95,4
ER,metropolis_hastings,50,42,4,8,21,43.64,3
ER,metropolis_hastings,50,42,4,8,22,55.4,8
ER,metropolis_hastings,50,42,4,8,23,42.11,4
ER,metropolis_hastings,50,42,4,8,24,53.01,5
ER,metropolis_hastings,50,42,4,8,25,53.97,5
ER,metropolis_hastings,50,42,4,8,26,55.48,5
ER,metropolis_hastings,50,42,4,8,27,44.9,4
ER,metropolis_hastings,50,42,4,8,28,44.72,4
ER,metropolis_hastings,50,42,4,8,29,51.67,7
ER,metropolis_hastings,50,42,4,8,30,50.13,5
ER,metropolis_hastings,50,42,4,8,31,50.0,3
ER,metropolis_hastings,50,42,4,8,32,47.81,4
ER,metropolis_hastings,50,42,4,8,33,50.41,3
ER,metropolis_hastings,50,42,4,8,34,39.19,2
ER,metropolis_hastings,50,42,4,8,35,53.98,6
ER,metropolis_hastings,50,42,4,8,36,39.97,3
ER,metropolis_hastings,50,42,4,8,37,57.29,4
ER,metropolis_hastings,50,42,4,8,38,51.84,5
ER,metropolis_hastings,50,42,4,8,39,47.73,4
ER,metropolis_hastings,50,42,4,8,40,57.18,3
ER,metropolis_hastings,50,42,4,8,41,46.96,3
ER,metropolis_hastings,50,42,4,8,42,51.94,3
ER,metropolis_hastings,50,42,4,8,43,23.12,2
ER,metropolis_hastings,50,42,4,8,44,49.04,6
ER,metropolis_hastings,50,42,4,8,45,61.07,5
ER,metropolis_hastings,50,42,4,8,46,46.49,2
ER,metropolis_hastings,50,42,4,8,47,47.02,5
ER,metropolis_hastings,50,42,4,8,48,56.05,4
ER,metropolis_hastings,50,42,4,8,49,45.64,3
ER,metropolis_hastings,50,42,4,9,0,54.14,4
ER,metropolis_hastings,50,42,4,9,1,56.84,9
ER,metropolis_hastings,50,42,4,9,2,61.99,4
ER,metropolis_hastings,50,42,4,9,3,55.33,5
ER,metropolis_hastings,50,42,4,9,4,35.88,1
ER,metropolis_hastings,50,42,4,9,5,44.17,3
ER,metropolis_hastings,50,42,4,9,6,55.79,4
ER,metropolis_hastings,50,42,4,9,7,54.92,5
ER,metropolis_hastings,50,42,4,9,8,57.93,4
ER,metropolis_hastings,50,42,4,9,9,42.78,1
ER,metropolis_hastings,50,42,4,9,10,43.08,3
ER,metropolis_hastings,50,42,4,9,11,48.2,6
ER,metropolis_hastings,50,42,4,9,12,37.86,2
ER,metropolis_hastings,50,42,4,9,13,57.49,5
ER,metropolis_hastings,50,42,4,9,14,55.78,7
ER,metropolis_hastings,50,42,4,9,15,43.94,3
ER,metropolis_hastings,50,42,4,9,16,57.9,5
ER,metropolis_hastings,50,42,4,9,17,42.94,4
ER,metropolis_hastings,50,42,4,9,18,50.17,4
ER,metropolis_hastings,50,42,4,9,19,46.23,1
ER,metropolis_hastings,50,42,4,9,20,38.17,4
ER,metropolis_hastings,50,42,4,9,21,45.97,3
ER,metropolis_hastings,50,42,4,9,22,60.28,8
ER,metropolis_hastings,50,42,4,9,23,45.48,4
ER,metropolis_hastings,50,42,4,9,24,56.08,5
ER,metropolis_hastings,50,42,4,9,25,54.83,5
ER,metropolis_hastings,50,42,4,9,26,58.06,5
ER,metropolis_hastings,50,42,4,9,27,48.61,4
ER,metropolis_hastings,50,42,4,9,28,46.64,4
ER,metropolis_hastings,50,42,4,9,29,58.37,7
ER,metropolis_hastings,50,42,4,9,30,53.85,5
ER,metropolis_hastings,50,42,4,9,31,51.56,3
ER,metropolis_hastings,50,42,4,9,32,48.37,4
ER,metropolis_hastings,50,42,4,9,33,54.96,3
ER,metropolis_hastings,50,42,4,9,34,41.1,2
ER,metropolis_hastings,50,42,4,9,35,55.64,6
ER,metropolis_hastings,50,42,4,9,36,41.74,3
ER,metropolis_hastings,50,42,4,9,37,60.26,4
ER,metropolis_hastings,50,42,4,9,38,56.31,5
ER,metropolis_hastings,50,42,4,9,39,49.74,4
ER,metropolis_hastings,50,42,4,9,40,61.06,3
ER,metropolis_hastings,50,42,4,9,41,48.14,3
ER,metropolis_hastings,50,42,4,9,42,55.76,3
ER,metropolis_hastings,50,42,4,9,43,24.63,2
ER,metropolis_hastings,50,42,4,9,44,50.38,6
ER,metropolis_hastings,50,42,4,9,45,62.54,5
ER,metropolis_hastings,50,42,4,9,46,52.78,2
ER,metropolis_hastings,50,42,4,9,47,49.11,5
ER,metropolis_hastings,50,42,4,9,48,61.11,4
ER,metropolis_hastings,50,42,4,9,49,47.65,3
ER,metropolis_hastings,50,42,4,10,0,56.16,4
ER,metropolis_hastings,50,42,4,10,1,58.58,9
ER,metropolis_hastings,50,42,4,10,2,64.29,4
ER,metropolis_hastings,50,42,4,10,3,60.41,5
ER,metropolis_hastings,50,42,4,10,4,39.88,1
ER,metropolis_hastings,50,42,4,10,5,50.05,3
ER,metropolis_hastings,50,42,4,10,6,60.08,4
ER,metropolis_hastings,50,42,4,10,7,56.42,5
ER,metropolis_hastings,50,42,4,10,8,60.46,4
ER,metropolis_hastings,50,42,4,10,9,50.02,1
ER,metropolis_hastings,50,42,4,10,10,47.1,3
ER,metropolis_hastings,50,42,4,10,11,53.63,6
ER,metropolis_hastings,50,42,4,10,12,41.49,2
ER,metropolis_hastings,50,42,4,10,13,59.76,5
ER,metropolis_hastings,50,42,4,10,14,60.78,7
ER,metropolis_hastings,50,42,4,10,15,46.18,3
ER,metropolis_hastings,50,42,4,10,16,61.96,5
ER,metropolis_hastings,50,42,4,10,17,46.24,4
ER,metropolis_hastings,50,42,4,10,18,51.49,4
ER,metropolis_hastings,50,42,4,10,19,47.71,1
ER,metropolis_hastings,50,42,4,10,20,40.34,4
ER,metropolis_hastings,50,42,4,10,21,48.95,3
ER,metropolis_hastings,50,42,4,10,22,63.4,8
ER,metropolis_hastings,50,42,4,10,23,48.99,4
ER,metropolis_hastings,50,42,4,10,24,58.62,5
ER,metropolis_hastings,50,42,4,10,25,54.86,5
ER,metropolis_hastings,50,42,4,10,26,58.29,5
ER,metropolis_hastings,50,42,4,10,27,51.51,4
ER,metropolis_hastings,50,42,4,10,28,48.41,4
ER,metropolis_hastings,50,42,4,10,29,62.11,7
ER,metropolis_hastings,50,42,4,10,30,58.3,5
ER,metropolis_hastings,50,42,4,10,31,53.08,3
ER,metropolis_hastings,50,42,4,10,32,51.69,4
ER,metropolis_hastings,50,42,4,10,33,55.6,3
ER,metropolis_hastings,50,42,4,10,34,43.57,2
ER,metropolis_hastings,50,42,4,10,35,58.23,6
ER,metropolis_hastings,50,42,4,10,36,45.32,3
ER,metropolis_hastings,50,42,4,10,37,61.66,4
ER,metropolis_hastings,50,42,4,10,38,58.43,5
ER,metropolis_hastings,50,42,4,10,39,51.71,4
ER,metropolis_hastings,50,42,4,10,40,62.56,3
ER,metropolis_hastings,50,42,4,10,41,50.42,3
ER,metropolis_hastings,50,42,4,10,42,57.75,3
ER,metropolis_hastings,50,42,4,10,43,31.02,2
ER,metropolis_hastings,50,42,4,10,44,53.35,6
ER,metropolis_hastings,50,42,4,10,45,64.21,5
ER,metropolis_hastings,50,42,4,10,46,57.47,2
ER,metropolis_hastings,50,42,4,10,47,52.03,5
ER,metropolis_hastings,50,42,4,10,48,62.47,4
ER,metropolis_hastings,50,42,4,10,49,49.11,3
ER,metropolis_hastings,50,42,4,11,0,56.83,4
ER,metropolis_hastings,50,42,4,11,1,59.99,9
ER,metropolis_hastings,50,42,4,11,2,65.87,4
ER,metropolis_hastings,50,42,4,11,3,61.36,5
ER,metropolis_hastings,50,42,4,11,4,42.15,1
ER,metropolis_hastings,50,42,4,11,5,52.66,3
ER,metropolis_hastings,50,42,4,11,6,63.54,4
ER,metropolis_hastings,50,42,4,11,7,57.37,5
ER,metropolis_hastings,50,42,4,11,8,62.05,4
ER,metropolis_hastings,50,42,4,11,9,49.8,1
ER,metropolis_hastings,50,42,4,11,10,48.15,3
ER,metropolis_hastings,50,42,4,11,11,60.58,6
ER,metropolis_hastings,50,42,4,11,12,45.36,2
ER,metropolis_hastings,50,42,4,11,13,62.2,5
ER,metropolis_hastings,50,42,4,11,14,60.69,7
ER,metropolis_hastings,50,42,4,11,15,48.41,3
ER,metropolis_hastings,50,42,4,11,16,65.65,5
ER,metropolis_hastings,50,42,4,11,17,48.28,4
ER,metropolis_hastings,50,42,4,11,18,54.49,4
ER,metropolis_hastings,50,42,4,11,19,48.83,1
ER,metropolis_hastings,50,42,4,11,20,42.08,4
ER,metropolis_hastings,50,42,4,11,21,49.94,3
ER,metropolis_hastings,50,42,4,11,22,66.08,8
ER,metropolis_hastings,50,42,4,11,23,51.7,4
ER,metropolis_hastings,50,42,4,11,24,60.72,5
ER,metropolis_hastings,50,42,4,11,25,57.19,5
ER,metropolis_hastings,50,42,4,11,26,59.14,5
ER,metropolis_hastings,50,42,4,11,27,53.67,4
ER,metropolis_hastings,50,42,4,11,28,50.63,4
ER,metropolis_hastings,50,42,4,11,29,63.78,7
ER,metropolis_hastings,50,42,4,11,30,59.1,5
ER,metropolis_hastings,50,42,4,11,31,54.31,3
ER,metropolis_hastings,50,42,4,11,32,57.19,4
ER,metropolis_hastings,50,42,4,11,33,52.53,3
ER,metropolis_hastings,50,42,4,11,34,44.96,2
ER,metropolis_hastings,50,42,4,11,35,59.62,6
ER,metropolis_hastings,50,42,4,11,36,47.09,3
ER,metropolis_hastings,50,42,4,11,37,62.44,4
ER,metropolis_hastings,50,42,4,11,38,59.98,5
ER,metropolis_hastings,50,42,4,11,39,54.95,4
ER,metropolis_hastings,50,42,4,11,40,63.15,3
ER,metropolis_hastings,50,42,4,11,41,51.81,3
ER,metropolis_hastings,50,42,4,11,42,60.53,3
ER,metropolis_hastings,50,42,4,11,43,36.68,2
ER,metropolis_hastings,50,42,4,11,44,58.02,6
ER,metropolis_hastings,50,42,4,11,45,65.56,5
ER,metropolis_hastings,50,42,4,11,46,55.44,2
ER,metropolis_hastings,50,42,4,11,47,52.72,5
ER,metropolis_hastings,50,42,4,11,48,65.38,4
ER,metropolis_hastings,50,42,4,11,49,51.96,3
ER,metropolis_hastings,50,42,4,12,0,60.61,4
ER,metropolis_hastings,50,42,4,12,1,62.85,9
ER,metropolis_hastings,50,42,4,12,2,68.64,4
ER,metropolis_hastings,50,42,4,12,3,62.32,5
ER,metropolis_hastings,50,42,4,12,4,46.75,1
ER,metropolis_hastings,50,42,4,12,5,52.94,3
ER,metropolis_hastings,50,42,4,12,6,66.08,4
ER,metropolis_hastings,50,42,4,12,7,59.44,5
ER,metropolis_hastings,50,42,4,12,8,63.9,4
ER,metropolis_hastings,50,42,4,12,9,51.01,1
ER,metropolis_hastings,50,42,4,12,10,54.1,3
ER,metropolis_hastings,50,42,4,12,11,62.73,6
ER,metropolis_hastings,50,42,4,12,12,46.29,2
ER,metropolis_hastings,50,42,4,12,13,64.9,5
ER,metropolis_hastings,50,42,4,12,14,64.21,7
ER,metropolis_hastings,50,42,4,12,15,50.64,3
ER,metropolis_hastings,50,42,4,12,16,67.05,5
ER,metropolis_hastings,50,42,4,12,17,50.49,4
ER,metropolis_hastings,50,42,4,12,18,54.57,4
ER,metropolis_hastings,50,42,4,12,19,51.16,1
ER,metropolis_hastings,50,42,4,12,20,45.73,4
ER,metropolis_hastings,50,42,4,12,21,53.37,3
ER,metropolis_hastings,50,42,4,12,22,67.53,8
ER,metropolis_hastings,50,42,4,12,23,54.87,4
ER,metropolis_hastings,50,42,4,12,24,62.62,5
ER,metropolis_hastings,50,42,4,12,25,58.19,5
ER,metropolis_hastings,50,42,4,12,26,60.37,5
ER,metropolis_hastings,50,42,4,12,27,55.84,4
ER,metropolis_hastings,50,42,4,12,28,52.22,4
ER,metropolis_hastings,50,42,4,12,29,64.77,7
ER,metropolis_hastings,50,42,4,12,30,60.51,5
ER,metropolis_hastings,50,42,4,12,31,55.2,3
ER,metropolis_hastings,50,42,4,12,32,60.7,4
ER,metropolis_hastings,50,42,4,12,33,54.81,3
ER,metropolis_hastings,50,42,4,12,34,45.22,2
ER,metropolis_hastings,50,42,4,12,35,61.89,6
ER,metropolis_hastings,50,42,4,12,36,51.86,3
ER,metropolis_hastings,50,42,4,12,37,64.33,4
ER,metropolis_hastings,50,42,4,12,38,63.04,5
ER,metropolis_hastings,50,42,4,12,39,56.66,4
ER,metropolis_hastings,50,42,4,12,40,65.5,3
ER,metropolis_hastings,50,42,4,12,41,53.48,3
ER,metropolis_hastings,50,42,4,12,42,62.29,3
ER,metropolis_hastings,50,42,4,12,43,39.79,2
ER,metropolis_hastings,50,42,4,12,44,59.48,6
ER,metropolis_hastings,50,42,4,12,45,67.74,5
ER,metropolis_hastings,50,42,4,12,46,61.31,2
ER,metropolis_hastings,50,42,4,12,47,55.34,5
ER,metropolis_hastings,50,42,4,12,48,67.78,4
ER,metropolis_hastings,50,42,4,12,49,54.29,3
ER,metropolis_hastings,50,42,4,13,0,60.99,4
ER,metropolis_hastings,50,42,4,13,1,65.42,9
ER,metropolis_hastings,50,42,4,13,2,68.59,4
ER,metropolis_hastings,50,42,4,13,3,67.09,5
ER,metropolis_hastings,50,42,4,13,4,46.51,1
ER,metropolis_hastings,50,42,4,13,5,53.03,3
ER,metropolis_hastings,50,42,4,13,6,66.86,4
ER,metropolis_hastings,50,42,4,13,7,62.6,5
ER,metropolis_hastings,50,42,4,13,8,65.83,4
ER,metropolis_hastings,50,42,4,13,9,52.83,1
ER,metropolis_hastings,50,42,4,13,10,55.95,3
ER,metropolis_hastings,50,42,4,13,11,65.13,6
ER,metropolis_hastings,50,42,4,13,12,47.25,2
ER,metropolis_hastings,50,42,4,13,13,66.03,5
ER,metropolis_hastings,50,42,4,13,14,64.05,7
ER,metropolis_hastings,50,42,4,13,15,51.79,3
ER,metropolis_hastings,50,42,4,13,16,68.04,5
ER,metropolis_hastings,50,42,4,13,17,52.7,4
ER,metropolis_hastings,50,42,4,13,18,58.34,4
ER,metropolis_hastings,50,42,4,13,19,52.32,1
ER,metropolis_hastings,50,42,4,13,20,49.25,4
ER,metropolis_hastings,50,42,4,13,21,55.17,3
ER,metropolis_hastings,50,42,4,13,22,68.55,8
ER,metropolis_hastings,50,42,4,13,23,57.05,4
ER,metropolis_hastings,50,42,4,13,24,63.84,5
ER,metropolis_hastings,50,42,4,13,25,59.31,5
ER,metropolis_hastings,50,42,4,13,26,60.27,5
ER,metropolis_hastings,50,42,4,13,27,57.75,4
ER,metropolis_hastings,50,42,4,13,28,53.99,4
ER,metropolis_hastings,50,42,4,13,29,65.48,7
ER,metropolis_hastings,50,42,4,13,30,62.61,5
ER,metropolis_hastings,50,42,4,13,31,57.0,3
ER,metropolis_hastings,50,42,4,13,32,63.27,4
ER,metropolis_hastings,50,42,4,13,33,57.37,3
ER,metropolis_hastings,50,42,4,13,34,47.82,2
ER,metropolis_hastings,50,42,4,13,35,62.56,6
ER,metropolis_hastings,50,42,4,13,36,51.47,3
ER,metropolis_hastings,50,42,4,13,37,64.67,4
ER,metropolis_hastings,50,42,4,13,38,65.78,5
ER,metropolis_hastings,50,42,4,13,39,60.26,4
ER,metropolis_hastings,50,42,4,13,40,66.03,3
ER,metropolis_hastings,50,42,4,13,41,54.48,3
ER,metropolis_hastings,50,42,4,13,42,63.84,3
ER,metropolis_hastings,50,42,4,13,43,42.58,2
ER,metropolis_hastings,50,42,4,13,44,61.88,6
ER,metropolis_hastings,50,42,4,13,45,68.54,5
ER,metropolis_hastings,50,42,4,13,46,63.73,2
ER,metropolis_hastings,50,42,4,13,47,56.9,5
ER,metropolis_hastings,50,42,4,13,48,68.75,4
ER,metropolis_hastings,50,42,4,13,49,59.88,3
ER,metropolis_hastings,50,42,4,14,0,63.89,4
ER,metropolis_hastings,50,42,4,14,1,65.49,9
ER,metropolis_hastings,50,42,4,14,2,70.32,4
ER,metropolis_hastings,50,42,4,14,3,65.03,5
ER,metropolis_hastings,50,42,4,14,4,48.63,1
ER,metropolis_hastings,50,42,4,14,5,54.53,3
ER,metropolis_hastings,50,42,4,14,6,69.01,4
ER,metropolis_hastings,50,42,4,14,7,64.95,5
ER,metropolis_hastings,50,42,4,14,8,65.93,4
ER,metropolis_hastings,50,42,4,14,9,58.32,1
ER,metropolis_hastings,50,42,4,14,10,59.73,3
ER,metropolis_hastings,50,42,4,14,11,67.84,6
ER,metropolis_hastings,50,42,4,14,12,52.11,2
ER,metropolis_hastings,50,42,4,14,13,66.92,5
ER,metropolis_hastings,50,42,4,14,14,66.53,7
ER,metropolis_hastings,50,42,4,14,15,52.66,3
ER,metropolis_hastings,50,42,4,14,16,69.16,5
ER,metropolis_hastings,50,42,4,14,17,54.18,4
ER,metropolis_hastings,50,42,4,14,18,58.29,4
ER,metropolis_hastings,50,42,4,14,19,54.21,1
ER,metropolis_hastings,50,42,4,14,20,52.52,4
ER,metropolis_hastings,50,42,4,14,21,57.1,3
ER,metropolis_hastings,50,42,4,14,22,70.06,8
ER,metropolis_hastings,50,42,4,14,23,59.62,4
ER,metropolis_hastings,50,42,4,14,24,64.85,5
ER,metropolis_hastings,50,42,4,14,25,60.62,5
ER,metropolis_hastings,50,42,4,14,26,60.69,5
ER,metropolis_hastings,50,42,4,14,27,59.32,4
ER,metropolis_hastings,50,42,4,14,28,55.79,4
ER,metropolis_hastings,50,42,4,14,29,66.37,7
ER,metropolis_hastings,50,42,4,14,30,63.05,5
ER,metropolis_hastings,50,42,4,14,31,58.03,3
ER,metropolis_hastings,50,42,4,14,32,65.34,4
ER,metropolis_hastings,50,42,4,14,33,58.76,3
ER,metropolis_hastings,50,42,4,14,34,47.96,2
ER,metropolis_hastings,50,42,4,14,35,64.89,6
ER,metropolis_hastings,50,42,4,14,36,51.43,3
ER,metropolis_hastings,50,42,4,14,37,66.53,4
ER,metropolis_hastings,50,42,4,14,38,65.43,5
ER,metropolis_hastings,50,42,4,14,39,61.78,4
ER,metropolis_hastings,50,42,4,14,40,68.25,3
ER,metropolis_hastings,50,42,4,14,41,55.42,3
ER,metropolis_hastings,50,42,4,14,42,65.06,3
ER,metropolis_hastings,50,42,4,14,43,47.6,2
ER,metropolis_hastings,50,42,4,14,44,63.25,6
ER,metropolis_hastings,50,42,4,14,45,69.7,5
ER,metropolis_hastings,50,42,4,14,46,61.49,2
ER,metropolis_hastings,50,42,4,14,47,59.51,5
ER,metropolis_hastings,50,42,4,14,48,69.33,4
ER,metropolis_hastings,50,42,4,14,49,60.15,3
ER,metropolis_hastings,50,42,4,15,0,66.38,4
ER,metropolis_hastings,50,42,4,15,1,67.39,9
ER,metropolis_hastings,50,42,4,15,2,70.97,4
ER,metropolis_hastings,50,42,4,15,3,67.43,5
ER,metropolis_hastings,50,42,4,15,4,50.02,1
ER,metropolis_hastings,50,42,4,15,5,57.85,3
ER,metropolis_hastings,50,42,4,15,6,69.6,4
ER,metropolis_hastings,50,42,4,15,7,66.93,5
ER,metropolis_hastings,50,42,4,15,8,67.16,4
ER,metropolis_hastings,50,42,4,15,9,59.58,1
ER,metropolis_hastings,50,42,4,15,10,61.48,3
ER,metropolis_hastings,50,42,4,15,11,69.46,6
ER,metropolis_hastings,50,42,4,15,12,50.86,2
ER,metropolis_hastings,50,42,4,15,13,67.81,5
ER,metropolis_hastings,50,42,4,15,14,67.34,7
ER,metropolis_hastings,50,42,4,15,15,54.66,3
ER,metropolis_hastings,50,42,4,15,16,69.64,5
ER,metropolis_hastings,50,42,4,15,17,58.23,4
ER,metropolis_hastings,50,42,4,15,18,60.17,4
ER,metropolis_hastings,50,42,4,15,19,56.38,1
ER,metropolis_hastings,50,42,4,15,20,57.5,4
ER,metropolis_hastings,50,42,4,15,21,58.89,3
ER,metropolis_hastings,50,42,4,15,22,70.14,8
ER,metropolis_hastings,50,42,4,15,23,60.96,4
ER,metropolis_hastings,50,42,4,15,24,65.21,5
ER,metropolis_hastings,50,42,4,15,25,62.35,5
ER,metropolis_hastings,50,42,4,15,26,60.83,5
ER,metropolis_hastings,50,42,4,15,27,60.55,4
ER,metropolis_hastings,50,42,4,15,28,57.62,4
ER,metropolis_hastings,50,42,4,15,29,66.16,7
ER,metropolis_hastings,50,42,4,15,30,63.21,5
ER,metropolis_hastings,50,42,4,15,31,59.5,3
ER,metropolis_hastings,50,42,4,15,32,66.61,4
ER,metropolis_hastings,50,42,4,15,33,56.91,3
ER,metropolis_hastings,50,42,4,15,34,50.2,2
ER,metropolis_hastings,50,42,4,15,35,66.16,6
ER,metropolis_hastings,50,42,4,15,36,53.19,3
ER,metropolis_hastings,50,42,4,15,37,66.96,4
ER,metropolis_hastings,50,42,4,15,38,67.68,5
ER,metropolis_hastings,50,42,4,15,39,63.65,4
ER,metropolis_hastings,50,42,4,15,40,68.9,3
ER,metropolis_hastings,50,42,4,15,41,57.93,3
ER,metropolis_hastings,50,42,4,15,42,65.98,3
ER,metropolis_hastings,50,42,4,15,43,50.56,2
ER,metropolis_hastings,50,42,4,15,44,64.81,6
ER,metropolis_hastings,50,42,4,15,45,70.52,5
ER,metropolis_hastings,50,42,4,15,46,65.12,2
ER,metropolis_hastings,50,42,4,15,47,59.55,5
ER,metropolis_hastings,50,42,4,15,48,70.71,4
ER,metropolis_hastings,50,42,4,15,49,63.65,3
ER,metropolis_hastings,50,42,4,16,0,66.51,4
ER,metropolis_hastings,50,42,4,16,1,68.68,9
ER,metropolis_hastings,50,42,4,16,2,71.68,4
ER,metropolis_hastings,50,42,4,16,3,67.59,5
ER,metropolis_hastings,50,42,4,16,4,48.4,1
ER,metropolis_hastings,50,42,4,16,5,55.32,3
ER,metropolis_hastings,50,42,4,16,6,70.39,4
ER,metropolis_hastings,50,42,4,16,7,66.71,5
ER,metropolis_hastings,50,42,4,16,8,67.64,4
ER,metropolis_hastings,50,42,4,16,9,60.5,1
ER,metropolis_hastings,50,42,4,16,10,62.87,3
ER,metropolis_hastings,50,42,4,16,11,69.83,6
ER,metropolis_hastings,50,42,4,16,12,52.29,2
ER,metropolis_hastings,50,42,4,16,13,68.88,5
ER,metropolis_hastings,50,42,4,16,14,68.01,7
ER,metropolis_hastings,50,42,4,16,15,55.93,3
ER,metropolis_hastings,50,42,4,16,16,70.45,5
ER,metropolis_hastings,50,42,4,16,17,61.03,4
ER,metropolis_hastings,50,42,4,16,18,61.74,4
ER,metropolis_hastings,50,42,4,16,19,57.43,1
ER,metropolis_hastings,50,42,4,16,20,58.71,4
ER,metropolis_hastings,50,42,4,16,21,59.77,3
ER,metropolis_hastings,50,42,4,16,22,71.13,8
ER,metropolis_hastings,50,42,4,16,23,62.31,4
ER,metropolis_hastings,50,42,4,16,24,66.55,5
ER,metropolis_hastings,50,42,4,16,25,63.68,5
ER,metropolis_hastings,50,42,4,16,26,61.82,5
ER,metropolis_hastings,50,42,4,16,27,61.62,4
ER,metropolis_hastings,50,42,4,16,28,59.22,4
ER,metropolis_hastings,50,42,4,16,29,67.82,7
ER,metropolis_hastings,50,42,4,16,30,63.94,5
ER,metropolis_hastings,50,42,4,16,31,60.67,3
ER,metropolis_hastings,50,42,4,16,32,67.31,4
ER,metropolis_hastings,50,42,4,16,33,57.64,3
ER,metropolis_hastings,50,42,4,16,34,51.42,2
ER,metropolis_hastings,50,42,4,16,35,67.54,6
ER,metropolis_hastings,50,42,4,16,36,54.37,3
ER,metropolis_hastings,50,42,4,16,37,69.2,4
ER,metropolis_hastings,50,42,4,16,38,67.23,5
ER,metropolis_hastings,50,42,4,16,39,65.58,4
ER,metropolis_hastings,50,42,4,16,40,69.56,3
ER,metropolis_hastings,50,42,4,16,41,58.74,3
ER,metropolis_hastings,50,42,4,16,42,67.59,3
ER,metropolis_hastings,50,42,4,16,43,53.26,2
ER,metropolis_hastings,50,42,4,16,44,66.76,6
ER,metropolis_hastings,50,42,4,16,45,71.26,5
ER,metropolis_hastings,50,42,4,16,46,65.61,2
ER,metropolis_hastings,50,42,4,16,47,61.39,5
ER,metropolis_hastings,50,42,4,16,48,71.3,4
ER,metropolis_hastings,50,42,4,16,49,63.96,3
ER,metropolis_hastings,50,42,4,17,0,68.21,4
ER,metropolis_hastings,50,42,4,17,1,69.21,9
ER,metropolis_hastings,50,42,4,17,2,71.63,4
ER,metropolis_hastings,50,42,4,17,3,68.32,5
ER,metropolis_hastings,50,42,4,17,4,52.67,1
ER,metropolis_hastings,50,42,4,17,5,66.04,3
ER,metropolis_hastings,50,42,4,17,6,70.92,4
ER,metropolis_hastings,50,42,4,17,7,67.34,5
ER,metropolis_hastings,50,42,4,17,8,68.41,4
ER,metropolis_hastings,50,42,4,17,9,62.29,1
ER,metropolis_hastings,50,42,4,17,10,64.89,3
ER,metropolis_hastings,50,42,4,17,11,70.61,6
ER,metropolis_hastings,50,42,4,17,12,52.59,2
ER,metropolis_hastings,50,42,4,17,13,69.78,5
ER,metropolis_hastings,50,42,4,17,14,69.63,7
ER,metropolis_hastings,50,42,4,17,15,56.89,3
ER,metropolis_hastings,50,42,4,17,16,70.53,5
ER,metropolis_hastings,50,42,4,17,17,63.27,4
ER,metropolis_hastings,50,42,4,17,18,63.93,4
ER,metropolis_hastings,50,42,4,17,19,60.25,1
ER,metropolis_hastings,50,42,4,17,20,59.51,4
ER,metropolis_hastings,50,42,4,17,21,61.39,3
ER,metropolis_hastings,50,42,4,17,22,71.32,8
ER,metropolis_hastings,50,42,4,17,23,63.91,4
ER,metropolis_hastings,50,42,4,17,24,67.02,5
ER,metropolis_hastings,50,42,4,17,25,64.52,5
ER,metropolis_hastings,50,42,4,17,26,62.6,5
ER,metropolis_hastings,50,42,4,17,27,62.72,4
ER,metropolis_hastings,50,42,4,17,28,60.28,4
ER,metropolis_hastings,50,42,4,17,29,69.01,7
ER,metropolis_hastings,50,42,4,17,30,65.36,5
ER,metropolis_hastings,50,42,4,17,31,62.07,3
ER,metropolis_hastings,50,42,4,17,32,68.21,4
ER,metropolis_hastings,50,42,4,17,33,58.87,3
ER,metropolis_hastings,50,42,4,17,34,52.15,2
ER,metropolis_hastings,50,42,4,17,35,68.97,6
ER,metropolis_hastings,50,42,4,17,36,53.82,3
ER,metropolis_hastings,50,42,4,17,37,68.64,4
ER,metropolis_hastings,50,42,4,17,38,68.76,5
ER,metropolis_hastings,50,42,4,17,39,67.43,4
ER,metropolis_hastings,50,42,4,17,40,70.03,3
ER,metropolis_hastings,50,42,4,17,41,60.67,3
ER,metropolis_hastings,50,42,4,17,42,67.85,3
ER,metropolis_hastings,50,42,4,17,43,57.16,2
ER,metropolis_hastings,50,42,4,17,44,67.17,6
ER,metropolis_hastings,50,42,4,17,45,71.8,5
ER,metropolis_hastings,50,42,4,17,46,66.75,2
ER,metropolis_hastings,50,42,4,17,47,62.21,5
ER,metropolis_hastings,50,42,4,17,48,71.64,4
ER,metropolis_hastings,50,42,4,17,49,66.06,3
ER,metropolis_hastings,50,42,4,18,0,70.3,4
ER,metropolis_hastings,50,42,4,18,1,69.71,9
ER,metropolis_hastings,50,42,4,18,2,72.22,4
ER,metropolis_hastings,50,42,4,18,3,68.98,5
ER,metropolis_hastings,50,42,4,18,4,54.03,1
ER,metropolis_hastings,50,42,4,18,5,59.46,3
ER,metropolis_hastings,50,42,4,18,6,71.69,4
ER,metropolis_hastings,50,42,4,18,7,68.89,5
ER,metropolis_hastings,50,42,4,18,8,68.55,4
ER,metropolis_hastings,50,42,4,18,9,62.36,1
ER,metropolis_hastings,50,42,4,18,10,65.41,3
ER,metropolis_hastings,50,42,4,18,11,70.0,6
ER,metropolis_hastings,50,42,4,18,12,52.78,2
ER,metropolis_hastings,50,42,4,18,13,70.52,5
ER,metropolis_hastings,50,42,4,18,14,68.52,7
ER,metropolis_hastings,50,42,4,18,15,58.84,3
ER,metropolis_hastings,50,42,4,18,16,70.84,5
ER,metropolis_hastings,50,42,4,18,17,63.5,4
ER,metropolis_hastings,50,42,4,18,18,64.37,4
ER,metropolis_hastings,50,42,4,18,19,62.19,1
ER,metropolis_hastings,50,42,4,18,20,60.22,4
ER,metropolis_hastings,50,42,4,18,21,63.71,3
ER,metropolis_hastings,50,42,4,18,22,71.98,8
ER,metropolis_hastings,50,42,4,18,23,65.18,4
ER,metropolis_hastings,50,42,4,18,24,67.63,5
ER,metropolis_hastings,50,42,4,18,25,65.49,5
ER,metropolis_hastings,50,42,4,18,26,63.41,5
ER,metropolis_hastings,50,42,4,18,27,63.62,4
ER,metropolis_hastings,50,42,4,18,28,61.58,4
ER,metropolis_hastings,50,42,4,18,29,68.7,7
ER,metropolis_hastings,50,42,4,18,30,64.47,5
ER,metropolis_hastings,50,42,4,18,31,63.66,3
ER,metropolis_hastings,50,42,4,18,32,68.53,4
ER,metropolis_hastings,50,42,4,18,33,59.59,3
ER,metropolis_hastings,50,42,4,18,34,53.55,2
ER,metropolis_hastings,50,42,4,18,35,68.94,6
ER,metropolis_hastings,50,42,4,18,36,54.06,3
ER,metropolis_hastings,50,42,4,18,37,69.64,4
ER,metropolis_hastings,50,42,4,18,38,68.68,5
ER,metropolis_hastings,50,42,4,18,39,68.63,4
ER,metropolis_hastings,50,42,4,18,40,71.37,3
ER,metropolis_hastings,50,42,4,18,41,60.68,3
ER,metropolis_hastings,50,42,4,18,42,68.79,3
ER,metropolis_hastings,50,42,4,18,43,60.51,2
ER,metropolis_hastings,50,42,4,18,44,68.64,6
ER,metropolis_hastings,50,42,4,18,45,71.89,5
ER,metropolis_hastings,50,42,4,18,46,67.62,2
ER,metropolis_hastings,50,42,4,18,47,63.28,5
ER,metropolis_hastings,50,42,4,18,48,70.63,4
ER,metropolis_hastings,50,42,4,18,49,67.55,3
ER,metropolis_hastings,50,42,4,19,0,69.38,4
ER,metropolis_hastings,50,42,4,19,1,71.05,9
ER,metropolis_hastings,50,42,4,19,2,72.18,4
ER,metropolis_hastings,50,42,4,19,3,69.82,5
ER,metropolis_hastings,50,42,4,19,4,53.4,1
ER,metropolis_hastings,50,42,4,19,5,64.25,3
ER,metropolis_hastings,50,42,4,19,6,71.93,4
ER,metropolis_hastings,50,42,4,19,7,68.79,5
ER,metropolis_hastings,50,42,4,19,8,69.39,4
ER,metropolis_hastings,50,42,4,19,9,62.18,1
ER,metropolis_hastings,50,42,4,19,10,67.03,3
ER,metropolis_hastings,50,42,4,19,11,71.84,6
ER,metropolis_hastings,50,42,4,19,12,52.23,2
ER,metropolis_hastings,50,42,4,19,13,71.01,5
ER,metropolis_hastings,50,42,4,19,14,69.92,7
ER,metropolis_hastings,50,42,4,19,15,59.52,3
ER,metropolis_hastings,50,42,4,19,16,71.34,5
ER,metropolis_hastings,50,42,4,19,17,66.18,4
ER,metropolis_hastings,50,42,4,19,18,66.36,4
ER,metropolis_hastings,50,42,4,19,19,63.89,1
ER,metropolis_hastings,50,42,4,19,20,63.1,4
ER,metropolis_hastings,50,42,4,19,21,64.74,3
ER,metropolis_hastings,50,42,4,19,22,72.4,8
ER,metropolis_hastings,50,42,4,19,23,65.65,4
ER,metropolis_hastings,50,42,4,19,24,67.98,5
ER,metropolis_hastings,50,42,4,19,25,66.38,5
ER,metropolis_hastings,50,42,4,19,26,63.93,5
ER,metropolis_hastings,50,42,4,19,27,63.99,4
ER,metropolis_hastings,50,42,4,19,28,62.41,4
ER,metropolis_hastings,50,42,4,19,29,69.02,7
ER,metropolis_hastings,50,42,4,19,30,66.72,5
ER,metropolis_hastings,50,42,4,19,31,65.04,3
ER,metropolis_hastings,50,42,4,19,32,69.39,4
ER,metropolis_hastings,50,42,4,19,33,57.47,3
ER,metropolis_hastings,50,42,4,19,34,55.8,2
ER,metropolis_hastings,50,42,4,19,35,69.92,6
ER,metropolis_hastings,50,42,4,19,36,55.67,3
ER,metropolis_hastings,50,42,4,19,37,70.29,4
ER,metropolis_hastings,50,42,4,19,38,70.67,5
ER,metropolis_hastings,50,42,4,19,39,69.85,4
ER,metropolis_hastings,50,42,4,19,40,71.22,3
ER,metropolis_hastings,50,42,4,19,41,62.22,3
ER,metropolis_hastings,50,42,4,19,42,69.94,3
ER,metropolis_hastings,50,42,4,19,43,61.14,2
ER,metropolis_hastings,50,42,4,19,44,69.46,6
ER,metropolis_hastings,50,42,4,19,45,72.26,5
ER,metropolis_hastings,50,42,4,19,46,69.12,2
ER,metropolis_hastings,50,42,4,19,47,64.11,5
ER,metropolis_hastings,50,42,4,19,48,72.37,4
ER,metropolis_hastings,50,42,4,19,49,67.6,3
ER,metropolis_hastings,50,42,4,20,0,71.02,4
ER,metropolis_hastings,50,42,4,20,1,71.3,9
ER,metropolis_hastings,50,42,4,20,2,72.48,4
ER,metropolis_hastings,50,42,4,20,3,70.48,5
ER,metropolis_hastings,50,42,4,20,4,55.14,1
ER,metropolis_hastings,50,42,4,20,5,60.9,3
ER,metropolis_hastings,50,42,4,20,6,72.54,4
ER,metropolis_hastings,50,42,4,20,7,69.54,5
ER,metropolis_hastings,50,42,4,20,8,69.46,4
ER,metropolis_hastings,50,42,4,20,9,63.82,1
ER,metropolis_hastings,50,42,4,20,10,67.07,3
ER,metropolis_hastings,50,42,4,20,11,71.1,6
ER,metropolis_hastings,50,42,4,20,12,53.52,2
ER,metropolis_hastings,50,42,4,20,13,71.52,5
ER,metropolis_hastings,50,42,4,20,14,69.64,7
ER,metropolis_hastings,50,42,4,20,15,60.96,3
ER,metropolis_hastings,50,42,4,20,16,71.53,5
ER,metropolis_hastings,50,42,4,20,17,66.37,4
ER,metropolis_hastings,50,42,4,20,18,67.25,4
ER,metropolis_hastings,50,42,4,20,19,65.07,1
ER,metropolis_hastings,50,42,4,20,20,63.23,4
ER,metropolis_hastings,50,42,4,20,21,66.88,3
ER,metropolis_hastings,50,42,4,20,22,72.36,8
ER,metropolis_hastings,50,42,4,20,23,66.69,4
ER,metropolis_hastings,50,42,4,20,24,68.77,5
ER,metropolis_hastings,50,42,4,20,25,66.58,5
ER,metropolis_hastings,50,42,4,20,26,64.98,5
ER,metropolis_hastings,50,42,4,20,27,64.93,4
ER,metropolis_hastings,50,42,4,20,28,63.92,4
ER,metropolis_hastings,50,42,4,20,29,69.15,7
ER,metropolis_hastings,50,42,4,20,30,68.35,5
ER,metropolis_hastings,50,42,4,20,31,65.45,3
ER,metropolis_hastings,50,42,4,20,32,70.29,4
ER,metropolis_hastings,50,42,4,20,33,60.02,3
ER,metropolis_hastings,50,42,4,20,34,58.45,2
ER,metropolis_hastings,50,42,4,20,35,69.8,6
ER,metropolis_hastings,50,42,4,20,36,57.32,3
ER,metropolis_hastings,50,42,4,20,37,70.36,4
ER,metropolis_hastings,50,42,4,20,38,70.95,5
ER,metropolis_hastings,50,42,4,20,39,70.12,4
ER,metropolis_hastings,50,42,4,20,40,71.7,3
ER,metropolis_hastings,50,42,4,20,41,62.81,3
ER,metropolis_hastings,50,42,4,20,42,69.45,3
ER,metropolis_hastings,50,42,4,20,43,62.55,2
ER,metropolis_hastings,50,42,4,20,44,70.65,6
ER,metropolis_hastings,50,42,4,20,45,72.91,5
ER,metropolis_hastings,50,42,4,20,46,68.56,2
ER,metropolis_hastings,50,42,4,20,47,63.96,5
ER,metropolis_hastings,50,42,4,20,48,72.63,4
ER,metropolis_hastings,50,42,4,20,49,66.22,3
ER,metropolis_hastings,50,42,4,21,0,71.69,4
ER,metropolis_hastings,50,42,4,21,1,72.38,9
ER,metropolis_hastings,50,42,4,21,2,72.57,4
ER,metropolis_hastings,50,42,4,21,3,70.85,5
ER,metropolis_hastings,50,42,4,21,4,57.26,1
ER,metropolis_hastings,50,42,4,21,5,60.24,3
ER,metropolis_hastings,50,42,4,21,6,72.88,4
ER,metropolis_hastings,50,42,4,21,7,69.56,5
ER,metropolis_hastings,50,42,4,21,8,69.86,4
ER,metropolis_hastings,50,42,4,21,9,64.86,1
ER,metropolis_hastings,50,42,4,21,10,67.74,3
ER,metropolis_hastings,50,42,4,21,11,71.41,6
ER,metropolis_hastings,50,42,4,21,12,54.08,2
ER,metropolis_hastings,50,42,4,21,13,71.78,5
ER,metropolis_hastings,50,42,4,21,14,69.78,7
ER,metropolis_hastings,50,42,4,21,15,62.02,3
ER,metropolis_hastings,50,42,4,21,16,71.63,5
ER,metropolis_hastings,50,42,4,21,17,67.65,4
ER,metropolis_hastings,50,42,4,21,18,67.27,4
ER,metropolis_hastings,50,42,4,21,19,65.87,1
ER,metropolis_hastings,50,42,4,21,20,64.15,4
ER,metropolis_hastings,50,42,4,21,21,68.26,3
ER,metropolis_hastings,50,42,4,21,22,72.15,8
ER,metropolis_hastings,50,42,4,21,23,66.98,4
ER,metropolis_hastings,50,42,4,21,24,68.99,5
ER,metropolis_hastings,50,42,4,21,25,67.46,5
ER,metropolis_hastings,50,42,4,21,26,65.32,5
ER,metropolis_hastings,50,42,4,21,27,65.43,4
ER,metropolis_hastings,50,42,4,21,28,64.25,4
ER,metropolis_hastings,50,42,4,21,29,69.71,7
ER,metropolis_hastings,50,42,4,21,30,68.63,5
ER,metropolis_hastings,50,42,4,21,31,66.07,3
ER,metropolis_hastings,50,42,4,21,32,70.81,4
ER,metropolis_hastings,50,42,4,21,33,60.82,3
ER,metropolis_hastings,50,42,4,21,34,59.21,2
ER,metropolis_hastings,50,42,4,21,35,70.96,6
ER,metropolis_hastings,50,42,4,21,36,55.77,3
ER,metropolis_hastings,50,42,4,21,37,70.32,4
ER,metropolis_hastings,50,42,4,21,38,71.7,5
ER,metropolis_hastings,50,42,4,21,39,70.89,4
ER,metropolis_hastings,50,42,4,21,40,72.27,3
ER,metropolis_hastings,50,42,4,21,41,65.11,3
ER,metropolis_hastings,50,42,4,21,42,70.27,3
ER,metropolis_hastings,50,42,4,21,43,63.3,2
ER,metropolis_hastings,50,42,4,21,44,71.01,6
ER,metropolis_hastings,50,42,4,21,45,72.8,5
ER,metropolis_hastings,50,42,4,21,46,68.63,2
ER,metropolis_hastings,50,42,4,21,47,65.7,5
ER,metropolis_hastings,50,42,4,21,48,72.88,4
ER,metropolis_hastings,50,42,4,21,49,68.57,3
ER,metropolis_hastings,50,42,4,22,0,71.95,4
ER,metropolis_hastings,50,42,4,22,1,72.53,9
ER,metropolis_hastings,50,42,4,22,2,73.02,4
ER,metropolis_hastings,50,42,4,22,3,72.01,5
ER,metropolis_hastings,50,42,4,22,4,58.71,1
ER,metropolis_hastings,50,42,4,22,5,61.72,3
ER,metropolis_hastings,50,42,4,22,6,73.0,4
ER,metropolis_hastings,50,42,4,22,7,69.79,5
ER,metropolis_hastings,50,42,4,22,8,70.98,4
ER,metropolis_hastings,50,42,4,22,9,66.04,1
ER,metropolis_hastings,50,42,4,22,10,68.42,3
ER,metropolis_hastings,50,42,4,22,11,71.69,6
ER,metropolis_hastings,50,42,4,22,12,54.11,2
ER,metropolis_hastings,50,42,4,22,13,72.26,5
ER,metropolis_hastings,50,42,4,22,14,70.19,7
ER,metropolis_hastings,50,42,4,22,15,62.48,3
ER,metropolis_hastings,50,42,4,22,16,71.72,5
ER,metropolis_hastings,50,42,4,22,17,68.28,4
ER,metropolis_hastings,50,42,4,22,18,68.84,4
ER,metropolis_hastings,50,42,4,22,19,66.56,1
ER,metropolis_hastings,50,42,4,22,20,64.93,4
ER,metropolis_hastings,50,42,4,22,21,69.28,3
ER,metropolis_hastings,50,42,4,22,22,72.74,8
ER,metropolis_hastings,50,42,4,22,23,67.32,4
ER,metropolis_hastings,50,42,4,22,24,69.43,5
ER,metropolis_hastings,50,42,4,22,25,67.68,5
ER,metropolis_hastings,50,42,4,22,26,65.75,5
ER,metropolis_hastings,50,42,4,22,27,66.24,4
ER,metropolis_hastings,50,42,4,22,28,64.62,4
ER,metropolis_hastings,50,42,4,22,29,70.53,7
ER,metropolis_hastings,50,42,4,22,30,70.29,5
ER,metropolis_hastings,50,42,4,22,31,66.4,3
ER,metropolis_hastings,50,42,4,22,32,71.18,4
ER,metropolis_hastings,50,42,4,22,33,61.23,3
ER,metropolis_hastings,50,42,4,22,34,60.63,2
ER,metropolis_hastings,50,42,4,22,35,70.95,6
ER,metropolis_hastings,50,42,4,22,36,59.45,3
ER,metropolis_hastings,50,42,4,22,37,71.86,4
ER,metropolis_hastings,50,42,4,22,38,71.88,5
ER,metropolis_hastings,50,42,4,22,39,71.14,4
ER,metropolis_hastings,50,42,4,22,40,72.61,3
ER,metropolis_hastings,50,42,4,22,41,65.68,3
ER,metropolis_hastings,50,42,4,22,42,71.69,3
ER,metropolis_hastings,50,42,4,22,43,65.08,2
ER,metropolis_hastings,50,42,4,22,44,71.58,6
ER,metropolis_hastings,50,42,4,22,45,73.4,5
ER,metropolis_hastings,50,42,4,22,46,69.7,2
ER,metropolis_hastings,50,42,4,22,47,65.78,5
ER,metropolis_hastings,50,42,4,22,48,73.04,4
ER,metropolis_hastings,50,42,4,22,49,68.36,3
ER,metropolis_hastings,50,42,4,23,0,73.02,4
ER,metropolis_hastings,50,42,4,23,1,72.9,9
ER,metropolis_hastings,50,42,4,23,2,73.13,4
ER,metropolis_hastings,50,42,4,23,3,71.27,5
ER,metropolis_hastings,50,42,4,23,4,59.22,1
ER,metropolis_hastings,50,42,4,23,5,64.77,3
ER,metropolis_hastings,50,42,4,23,6,73.12,4
ER,metropolis_hastings,50,42,4,23,7,69.94,5
ER,metropolis_hastings,50,42,4,23,8,71.38,4
ER,metropolis_hastings,50,42,4,23,9,67.88,1
ER,metropolis_hastings,50,42,4,23,10,68.51,3
ER,metropolis_hastings,50,42,4,23,11,72.53,6
ER,metropolis_hastings,50,42,4,23,12,53.81,2
ER,metropolis_hastings,50,42,4,23,13,72.79,5
ER,metropolis_hastings,50,42,4,23,14,71.09,7
ER,metropolis_hastings,50,42,4,23,15,62.84,3
ER,metropolis_hastings,50,42,4,23,16,71.96,5
ER,metropolis_hastings,50,42,4,23,17,68.62,4
ER,metropolis_hastings,50,42,4,23,18,68.69,4
ER,metropolis_hastings,50,42,4,23,19,67.13,1
ER,metropolis_hastings,50,42,4,23,20,66.08,4
ER,metropolis_hastings,50,42,4,23,21,69.46,3
ER,metropolis_hastings,50,42,4,23,22,73.0,8
ER,metropolis_hastings,50,42,4,23,23,67.96,4
ER,metropolis_hastings,50,42,4,23,24,70.25,5
ER,metropolis_hastings,50,42,4,23,25,71.09,5
ER,metropolis_hastings,50,42,4,23,26,67.17,5
ER,metropolis_hastings,50,42,4,23,27,66.36,4
ER,metropolis_hastings,50,42,4,23,28,65.56,4
ER,metropolis_hastings,50,42,4,23,29,69.27,7
ER,metropolis_hastings,50,42,4,23,30,69.28,5
ER,metropolis_hastings,50,42,4,23,31,67.24,3
ER,metropolis_hastings,50,42,4,23,32,71.34,4
ER,metropolis_hastings,50,42,4,23,33,62.18,3
ER,metropolis_hastings,50,42,4,23,34,61.5,2
ER,metropolis_hastings,50,42,4,23,35,71.04,6
ER,metropolis_hastings,50,42,4,23,36,56.02,3
ER,metropolis_hastings,50,42,4,23,37,71.26,4
ER,metropolis_hastings,50,42,4,23,38,72.2,5
ER,metropolis_hastings,50,42,4,23,39,71.82,4
ER,metropolis_hastings,50,42,4,23,40,72.74,3
ER,metropolis_hastings,50,42,4,23,41,65.93,3
ER,metropolis_hastings,50,42,4,23,42,71.47,3
ER,metropolis_hastings,50,42,4,23,43,64.99,2
ER,metropolis_hastings,50,42,4,23,44,71.88,6
ER,metropolis_hastings,50,42,4,23,45,73.08,5
ER,metropolis_hastings,50,42,4,23,46,69.22,2
ER,metropolis_hastings,50,42,4,23,47,66.51,5
ER,metropolis_hastings,50,42,4,23,48,72.93,4
ER,metropolis_hastings,50,42,4,23,49,68.49,3
ER,metropolis_hastings,50,42,4,24,0,73.09,4
ER,metropolis_hastings,50,42,4,24,1,72.64,9
ER,metropolis_hastings,50,42,4,24,2,73.5,4
ER,metropolis_hastings,50,42,4,24,3,71.23,5
ER,metropolis_hastings,50,42,4,24,4,59.05,1
ER,metropolis_hastings,50,42,4,24,5,65.69,3
ER,metropolis_hastings,50,42,4,24,6,73.23,4
ER,metropolis_hastings,50,42,4,24,7,71.18,5
ER,metropolis_hastings,50,42,4,24,8,71.42,4
ER,metropolis_hastings,50,42,4,24,9,69.09,1
ER,metropolis_hastings,50,42,4,24,10,69.71,3
ER,metropolis_hastings,50,42,4,24,11,72.16,6
ER,metropolis_hastings,50,42,4,24,12,55.4,2
ER,metropolis_hastings,50,42,4,24,13,72.76,5
ER,metropolis_hastings,50,42,4,24,14,70.82,7
ER,metropolis_hastings,50,42,4,24,15,64.12,3
ER,metropolis_hastings,50,42,4,24,16,72.4,5
ER,metropolis_hastings,50,42,4,24,17,69.87,4
ER,metropolis_hastings,50,42,4,24,18,68.93,4
ER,metropolis_hastings,50,42,4,24,19,68.02,1
ER,metropolis_hastings,50,42,4,24,20,66.68,4
ER,metropolis_hastings,50,42,4,24,21,69.74,3
ER,metropolis_hastings,50,42,4,24,22,73.24,8
ER,metropolis_hastings,50,42,4,24,23,68.35,4
ER,metropolis_hastings,50,42,4,24,24,70.47,5
ER,metropolis_hastings,50,42,4,24,25,69.62,5
ER,metropolis_hastings,50,42,4,24,26,66.58,5
ER,metropolis_hastings,50,42,4,24,27,67.51,4
ER,metropolis_hastings,50,42,4,24,28,66.55,4
ER,metropolis_hastings,50,42,4,24,29,71.37,7
ER,metropolis_hastings,50,42,4,24,30,69.66,5
ER,metropolis_hastings,50,42,4,24,31,67.87,3
ER,metropolis_hastings,50,42,4,24,32,72.1,4
ER,metropolis_hastings,50,42,4,24,33,62.59,3
ER,metropolis_hastings,50,42,4,24,34,63.05,2
ER,metropolis_hastings,50,42,4,24,35,71.83,6
ER,metropolis_hastings,50,42,4,24,36,57.19,3
ER,metropolis_hastings,50,42,4,24,37,72.32,4
ER,metropolis_hastings,50,42,4,24,38,71.63,5
ER,metropolis_hastings,50,42,4,24,39,71.81,4
ER,metropolis_hastings,50,42,4,24,40,72.47,3
ER,metropolis_hastings,50,42,4,24,41,65.95,3
ER,metropolis_hastings,50,42,4,24,42,71.69,3
ER,metropolis_hastings,50,42,4,24,43,65.3,2
ER,metropolis_hastings,50,42,4,24,44,71.64,6
ER,metropolis_hastings,50,42,4,24,45,73.36,5
ER,metropolis_hastings,50,42,4,24,46,71.52,2
ER,metropolis_hastings,50,42,4,24,47,67.81,5
ER,metropolis_hastings,50,42,4,24,48,72.81,4
ER,metropolis_hastings,50,42,4,24,49,70.92,3
ER,metropolis_hastings,50,42,4,25,0,73.5,4
ER,metropolis_hastings,50,42,4,25,1,73.37,9
ER,metropolis_hastings,50,42,4,25,2,73.83,4
ER,metropolis_hastings,50,42,4,25,3,72.76,5
ER,metropolis_hastings,50,42,4,25,4,61.27,1
ER,metropolis_hastings,50,42,4,25,5,67.76,3
ER,metropolis_hastings,50,42,4,25,6,73.59,4
ER,metropolis_hastings,50,42,4,25,7,71.07,5
ER,metropolis_hastings,50,42,4,25,8,72.1,4
ER,metropolis_hastings,50,42,4,25,9,66.6,1
ER,metropolis_hastings,50,42,4,25,10,69.44,3
ER,metropolis_hastings,50,42,4,25,11,73.03,6
ER,metropolis_hastings,50,42,4,25,12,56.0,2
ER,metropolis_hastings,50,42,4,25,13,72.85,5
ER,metropolis_hastings,50,42,4,25,14,71.48,7
ER,metropolis_hastings,50,42,4,25,15,64.47,3
ER,metropolis_hastings,50,42,4,25,16,71.97,5
ER,metropolis_hastings,50,42,4,25,17,70.15,4
ER,metropolis_hastings,50,42,4,25,18,70.09,4
ER,metropolis_hastings,50,42,4,25,19,69.32,1
ER,metropolis_hastings,50,42,4,25,20,67.02,4
ER,metropolis_hastings,50,42,4,25,21,70.76,3
ER,metropolis_hastings,50,42,4,25,22,73.28,8
ER,metropolis_hastings,50,42,4,25,23,68.32,4
ER,metropolis_hastings,50,42,4,25,24,70.36,5
ER,metropolis_hastings,50,42,4,25,25,69.42,5
ER,metropolis_hastings,50,42,4,25,26,67.38,5
ER,metropolis_hastings,50,42,4,25,27,68.13,4
ER,metropolis_hastings,50,42,4,25,28,66.21,4
ER,metropolis_hastings,50,42,4,25,29,71.71,7
ER,metropolis_hastings,50,42,4,25,30,70.03,5
ER,metropolis_hastings,50,42,4,25,31,68.42,3
ER,metropolis_hastings,50,42,4,25,32,72.17,4
ER,metropolis_hastings,50,42,4,25,33,63.68,3
ER,metropolis_hastings,50,42,4,25,34,63.91,2
ER,metropolis_hastings,50,42,4,25,35,71.97,6
ER,metropolis_hastings,50,42,4,25,36,59.0,3
ER,metropolis_hastings,50,42,4,25,37,72.18,4
ER,metropolis_hastings,50,42,4,25,38,72.41,5
ER,metropolis_hastings,50,42,4,25,39,72.35,4
ER,metropolis_hastings,50,42,4,25,40,72.83,3
ER,metropolis_hastings,50,42,4,25,41,66.98,3
ER,metropolis_hastings,50,42,4,25,42,72.01,3
ER,metropolis_hastings,50,42,4,25,43,66.7,2
ER,metropolis_hastings,50,42,4,25,44,72.03,6
ER,metropolis_hastings,50,42,4,25,45,73.55,5
ER,metropolis_hastings,50,42,4,25,46,72.58,2
ER,metropolis_hastings,50,42,4,25,47,68.97,5
ER,metropolis_hastings,50,42,4,25,48,73.33,4
ER,metropolis_hastings,50,42,4,25,49,70.86,3
ER,metropolis_hastings,50,42,4,26,0,73.27,4
ER,metropolis_hastings,50,42,4,26,1,73.34,9
ER,metropolis_hastings,50,42,4,26,2,73.98,4
ER,metropolis_hastings,50,42,4,26,3,72.3,5
ER,metropolis_hastings,50,42,4,26,4,60.72,1
ER,metropolis_hastings,50,42,4,26,5,66.81,3
ER,metropolis_hastings,50,42,4,26,6,73.81,4
ER,metropolis_hastings,50,42,4,26,7,71.38,5
ER,metropolis_hastings,50,42,4,26,8,71.9,4
ER,metropolis_hastings,50,42,4,26,9,64.25,1
ER,metropolis_hastings,50,42,4,26,10,69.47,3
ER,metropolis_hastings,50,42,4,26,11,72.86,6
ER,metropolis_hastings,50,42,4,26,12,56.5,2
ER,metropolis_hastings,50,42,4,26,13,73.14,5
ER,metropolis_hastings,50,42,4,26,14,72.4,7
ER,metropolis_hastings,50,42,4,26,15,65.34,3
ER,metropolis_hastings,50,42,4,26,16,72.62,5
ER,metropolis_hastings,50,42,4,26,17,70.69,4
ER,metropolis_hastings,50,42,4,26,18,70.01,4
ER,metropolis_hastings,50,42,4,26,19,69.38,1
ER,metropolis_hastings,50,42,4,26,20,67.41,4
ER,metropolis_hastings,50,42,4,26,21,70.77,3
ER,metropolis_hastings,50,42,4,26,22,73.81,8
ER,metropolis_hastings,50,42,4,26,23,69.02,4
ER,metropolis_hastings,50,42,4,26,24,71.15,5
ER,metropolis_hastings,50,42,4,26,25,69.46,5
ER,metropolis_hastings,50,42,4,26,26,68.93,5
ER,metropolis_hastings,50,42,4,26,27,69.22,4
ER,metropolis_hastings,50,42,4,26,28,67.06,4
ER,metropolis_hastings,50,42,4,26,29,71.83,7
ER,metropolis_hastings,50,42,4,26,30,71.6,5
ER,metropolis_hastings,50,42,4,26,31,69.2,3
ER,metropolis_hastings,50,42,4,26,32,72.27,4
ER,metropolis_hastings,50,42,4,26,33,66.96,3
ER,metropolis_hastings,50,42,4,26,34,64.31,2
ER,metropolis_hastings,50,42,4,26,35,72.17,6
ER,metropolis_hastings,50,42,4,26,36,58.53,3
ER,metropolis_hastings,50,42,4,26,37,72.46,4
ER,metropolis_hastings,50,42,4,26,38,72.82,5
ER,metropolis_hastings,50,42,4,26,39,72.51,4
ER,metropolis_hastings,50,42,4,26,40,72.75,3
ER,metropolis_hastings,50,42,4,26,41,67.78,3
ER,metropolis_hastings,50,42,4,26,42,72.21,3
ER,metropolis_hastings,50,42,4,26,43,66.26,2
ER,metropolis_hastings,50,42,4,26,44,72.85,6
ER,metropolis_hastings,50,42,4,26,45,73.77,5
ER,metropolis_hastings,50,42,4,26,46,71.44,2
ER,metropolis_hastings,50,42,4,26,47,69.16,5
ER,metropolis_hastings,50,42,4,26,48,74.02,4
ER,metropolis_hastings,50,42,4,26,49,71.36,3
ER,metropolis_hastings,50,42,4,27,0,73.62,4
ER,metropolis_hastings,50,42,4,27,1,74.02,9
ER,metropolis_hastings,50,42,4,27,2,74.03,4
ER,metropolis_hastings,50,42,4,27,3,72.39,5
ER,metropolis_hastings,50,42,4,27,4,61.62,1
ER,metropolis_hastings,50,42,4,27,5,66.19,3
ER,metropolis_hastings,50,42,4,27,6,74.03,4
ER,metropolis_hastings,50,42,4,27,7,71.62,5
ER,metropolis_hastings,50,42,4,27,8,72.22,4
ER,metropolis_hastings,50,42,4,27,9,67.87,1
ER,metropolis_hastings,50,42,4,27,10,70.09,3
ER,metropolis_hastings,50,42,4,27,11,72.74,6
ER,metropolis_hastings,50,42,4,27,12,57.21,2
ER,metropolis_hastings,50,42,4,27,13,73.27,5
ER,metropolis_hastings,50,42,4,27,14,71.63,7
ER,metropolis_hastings,50,42,4,27,15,66.0,3
ER,metropolis_hastings,50,42,4,27,16,72.64,5
ER,metropolis_hastings,50,42,4,27,17,71.0,4
ER,metropolis_hastings,50,42,4,27,18,70.48,4
ER,metropolis_hastings,50,42,4,27,19,69.99,1
ER,metropolis_hastings,50,42,4,27,20,67.68,4
ER,metropolis_hastings,50,42,4,27,21,71.32,3
ER,metropolis_hastings,50,42,4,27,22,73.85,8
ER,metropolis_hastings,50,42,4,27,23,68.92,4
ER,metropolis_hastings,50,42,4,27,24,71.13,5
ER,metropolis_hastings,50,42,4,27,25,70.47,5
ER,metropolis_hastings,50,42,4,27,26,68.8,5
ER,metropolis_hastings,50,42,4,27,27,69.37,4
ER,metropolis_hastings,50,42,4,27,28,67.29,4
ER,metropolis_hastings,50,42,4,27,29,72.02,7
ER,metropolis_hastings,50,42,4,27,30,70.62,5
ER,metropolis_hastings,50,42,4,27,31,69.97,3
ER,metropolis_hastings,50,42,4,27,32,72.52,4
ER,metropolis_hastings,50,42,4,27,33,64.31,3
ER,metropolis_hastings,50,42,4,27,34,65.4,2
ER,metropolis_hastings,50,42,4,27,35,72.2,6
ER,metropolis_hastings,50,42,4,27,36,61.55,3
ER,metropolis_hastings,50,42,4,27,37,72.33,4
ER,metropolis_hastings,50,42,4,27,38,72.97,5
ER,metropolis_hastings,50,42,4,27,39,72.81,4
ER,metropolis_hastings,50,42,4,27,40,73.47,3
ER,metropolis_hastings,50,42,4,27,41,67.6,3
ER,metropolis_hastings,50,42,4,27,42,72.57,3
ER,metropolis_hastings,50,42,4,27,43,67.2,2
ER,metropolis_hastings,50,42,4,27,44,72.75,6
ER,metropolis_hastings,50,42,4,27,45,73.79,5
ER,metropolis_hastings,50,42,4,27,46,72.67,2
ER,metropolis_hastings,50,42,4,27,47,69.08,5
ER,metropolis_hastings,50,42,4,27,48,73.3,4
ER,metropolis_hastings,50,42,4,27,49,72.47,3
ER,metropolis_hastings,50,42,4,28,0,73.77,4
ER,metropolis_hastings,50,42,4,28,1,73.68,9
ER,metropolis_hastings,50,42,4,28,2,74.07,4
ER,metropolis_hastings,50,42,4,28,3,72.63,5
ER,metropolis_hastings,50,42,4,28,4,61.17,1
ER,metropolis_hastings,50,42,4,28,5,68.78,3
ER,metropolis_hastings,50,42,4,28,6,74.0,4
ER,metropolis_hastings,50,42,4,28,7,71.94,5
ER,metropolis_hastings,50,42,4,28,8,72.44,4
ER,metropolis_hastings,50,42,4,28,9,73.35,1
ER,metropolis_hastings,50,42,4,28,10,69.97,3
ER,metropolis_hastings,50,42,4,28,11,73.55,6
ER,metropolis_hastings,50,42,4,28,12,58.49,2
ER,metropolis_hastings,50,42,4,28,13,73.42,5
ER,metropolis_hastings,50,42,4,28,14,72.59,7
ER,metropolis_hastings,50,42,4,28,15,66.96,3
ER,metropolis_hastings,50,42,4,28,16,72.88,5
ER,metropolis_hastings,50,42,4,28,17,71.15,4
ER,metropolis_hastings,50,42,4,28,18,70.83,4
ER,metropolis_hastings,50,42,4,28,19,70.26,1
ER,metropolis_hastings,50,42,4,28,20,67.81,4
ER,metropolis_hastings,50,42,4,28,21,70.71,3
ER,metropolis_hastings,50,42,4,28,22,74.05,8
ER,metropolis_hastings,50,42,4,28,23,69.75,4
ER,metropolis_hastings,50,42,4,28,24,71.47,5
ER,metropolis_hastings,50,42,4,28,25,71.59,5
ER,metropolis_hastings,50,42,4,28,26,68.84,5
ER,metropolis_hastings,50,42,4,28,27,69.68,4
ER,metropolis_hastings,50,42,4,28,28,67.82,4
ER,metropolis_hastings,50,42,4,28,29,72.19,7
ER,metropolis_hastings,50,42,4,28,30,71.78,5
ER,metropolis_hastings,50,42,4,28,31,70.47,3
ER,metropolis_hastings,50,42,4,28,32,72.67,4
ER,metropolis_hastings,50,42,4,28,33,64.27,3
ER,metropolis_hastings,50,42,4,28,34,64.61,2
ER,metropolis_hastings,50,42,4,28,35,72.71,6
ER,metropolis_hastings,50,42,4,28,36,60.76,3
ER,metropolis_hastings,50,42,4,28,37,72.34,4
ER,metropolis_hastings,50,42,4,28,38,72.74,5
ER,metropolis_hastings,50,42,4,28,39,72.86,4
ER,metropolis_hastings,50,42,4,28,40,73.19,3
ER,metropolis_hastings,50,42,4,28,41,68.78,3
ER,metropolis_hastings,50,42,4,28,42,72.71,3
ER,metropolis_hastings,50,42,4,28,43,66.54,2
ER,metropolis_hastings,50,42,4,28,44,73.18,6
ER,metropolis_hastings,50,42,4,28,45,73.9,5
ER,metropolis_hastings,50,42,4,28,46,72.48,2
ER,metropolis_hastings,50,42,4,28,47,70.23,5
ER,metropolis_hastings,50,42,4,28,48,73.98,4
ER,metropolis_hastings,50,42,4,28,49,73.16,3
ER,metropolis_hastings,50,42,4,29,0,73.96,4
ER,metropolis_hastings,50,42,4,29,1,74.4,9
ER,metropolis_hastings,50,42,4,29,2,74.38,4
ER,metropolis_hastings,50,42,4,29,3,72.66,5
ER,metropolis_hastings,50,42,4,29,4,62.46,1
ER,metropolis_hastings,50,42,4,29,5,64.21,3
ER,metropolis_hastings,50,42,4,29,6,74.58,4
ER,metropolis_hastings,50,42,4,29,7,72.0,5
ER,metropolis_hastings,50,42,4,29,8,73.03,4
ER,metropolis_hastings,50,42,4,29,9,68.81,1
ER,metropolis_hastings,50,42,4,29,10,70.36,3
ER,metropolis_hastings,50,42,4,29,11,73.44,6
ER,metropolis_hastings,50,42,4,29,12,57.25,2
ER,metropolis_hastings,50,42,4,29,13,73.63,5
ER,metropolis_hastings,50,42,4,29,14,72.48,7
ER,metropolis_hastings,50,42,4,29,15,66.53,3
ER,metropolis_hastings,50,42,4,29,16,72.97,5
ER,metropolis_hastings,50,42,4,29,17,71.47,4
ER,metropolis_hastings,50,42,4,29,18,71.01,4
ER,metropolis_hastings,50,42,4,29,19,70.87,1
ER,metropolis_hastings,50,42,4,29,20,68.91,4
ER,metropolis_hastings,50,42,4,29,21,71.57,3
ER,metropolis_hastings,50,42,4,29,22,73.98,8
ER,metropolis_hastings,50,42,4,29,23,69.45,4
ER,metropolis_hastings,50,42,4,29,24,71.42,5
ER,metropolis_hastings,50,42,4,29,25,71.26,5
ER,metropolis_hastings,50,42,4,29,26,69.68,5
ER,metropolis_hastings,50,42,4,29,27,70.14,4
ER,metropolis_hastings,50,42,4,29,28,68.7,4
ER,metropolis_hastings,50,42,4,29,29,73.37,7
ER,metropolis_hastings,50,42,4,29,30,72.49,5
ER,metropolis_hastings,50,42,4,29,31,70.56,3
ER,metropolis_hastings,50,42,4,29,32,72.64,4
ER,metropolis_hastings,50,42,4,29,33,66.85,3
ER,metropolis_hastings,50,42,4,29,34,65.7,2
ER,metropolis_hastings,50,42,4,29,35,73.37,6
ER,metropolis_hastings,50,42,4,29,36,60.35,3
ER,metropolis_hastings,50,42,4,29,37,73.02,4
ER,metropolis_hastings,50,42,4,29,38,73.94,5
ER,metropolis_hastings,50,42,4,29,39,73.09,4
ER,metropolis_hastings,50,42,4,29,40,73.9,3
ER,metropolis_hastings,50,42,4,29,41,69.01,3
ER,metropolis_hastings,50,42,4,29,42,73.16,3
ER,metropolis_hastings,50,42,4,29,43,68.15,2
ER,metropolis_hastings,50,42,4,29,44,74.03,6
ER,metropolis_hastings,50,42,4,29,45,74.1,5
ER,metropolis_hastings,50,42,4,29,46,72.49,2
ER,metropolis_hastings,50,42,4,29,47,71.09,5
ER,metropolis_hastings,50,42,4,29,48,74.45,4
ER,metropolis_hastings,50,42,4,29,49,71.94,3
ER,metropolis_hastings,50,42,4,30,0,74.02,4
ER,metropolis_hastings,50,42,4,30,1,74.18,9
ER,metropolis_hastings,50,42,4,30,2,74.79,4
ER,metropolis_hastings,50,42,4,30,3,72.78,5
ER,metropolis_hastings,50,42,4,30,4,64.93,1
ER,metropolis_hastings,50,42,4,30,5,65.68,3
ER,metropolis_hastings,50,42,4,30,6,74.65,4
ER,metropolis_hastings,50,42,4,30,7,72.35,5
ER,metropolis_hastings,50,42,4,30,8,72.96,4
ER,metropolis_hastings,50,42,4,30,9,71.99,1
ER,metropolis_hastings,50,42,4,30,10,71.03,3
ER,metropolis_hastings,50,42,4,30,11,73.27,6
ER,metropolis_hastings,50,42,4,30,12,60.53,2
ER,metropolis_hastings,50,42,4,30,13,73.9,5
ER,metropolis_hastings,50,42,4,30,14,71.77,7
ER,metropolis_hastings,50,42,4,30,15,67.29,3
ER,metropolis_hastings,50,42,4,30,16,73.33,5
ER,metropolis_hastings,50,42,4,30,17,71.7,4
ER,metropolis_hastings,50,42,4,30,18,71.09,4
ER,metropolis_hastings,50,42,4,30,19,70.8,1
ER,metropolis_hastings,50,42,4,30,20,69.0,4
ER,metropolis_hastings,50,42,4,30,21,72.12,3
ER,metropolis_hastings,50,42,4,30,22,74.64,8
ER,metropolis_hastings,50,42,4,30,23,70.04,4
ER,metropolis_hastings,50,42,4,30,24,72.34,5
ER,metropolis_hastings,50,42,4,30,25,73.33,5
ER,metropolis_hastings,50,42,4,30,26,69.23,5
ER,metropolis_hastings,50,42,4,30,27,69.84,4
ER,metropolis_hastings,50,42,4,30,28,68.37,4
ER,metropolis_hastings,50,42,4,30,29,73.1,7
ER,metropolis_hastings,50,42,4,30,30,72.43,5
ER,metropolis_hastings,50,42,4,30,31,71.05,3
ER,metropolis_hastings,50,42,4,30,32,73.26,4
ER,metropolis_hastings,50,42,4,30,33,64.38,3
ER,metropolis_hastings,50,42,4,30,34,67.06,2
ER,metropolis_hastings,50,42,4,30,35,73.56,6
ER,metropolis_hastings,50,42,4,30,36,59.66,3
ER,metropolis_hastings,50,42,4,30,37,73.34,4
ER,metropolis_hastings,50,42,4,30,38,73.35,5
ER,metropolis_hastings,50,42,4,30,39,73.23,4
ER,metropolis_hastings,50,42,4,30,40,73.61,3
ER,metropolis_hastings,50,42,4,30,41,69.68,3
ER,metropolis_hastings,50,42,4,30,42,72.78,3
ER,metropolis_hastings,50,42,4,30,43,69.1,2
ER,metropolis_hastings,50,42,4,30,44,73.9,6
ER,metropolis_hastings,50,42,4,30,45,74.47,5
ER,metropolis_hastings,50,42,4,30,46,71.4,2
ER,metropolis_hastings,50,42,4,30,47,71.44,5
ER,metropolis_hastings,50,42,4,30,48,74.54,4
ER,metropolis_hastings,50,42,4,30,49,72.27,3
ER,metropolis_hastings,50,42,4,31,0,74.54,4
ER,metropolis_hastings,50,42,4,31,1,74.4,9
ER,metropolis_hastings,50,42,4,31,2,74.85,4
ER,metropolis_hastings,50,42,4,31,3,73.45,5
ER,metropolis_hastings,50,42,4,31,4,61.3,1
ER,metropolis_hastings,50,42,4,31,5,67.49,3
ER,metropolis_hastings,50,42,4,31,6,74.76,4
ER,metropolis_hastings,50,42,4,31,7,72.48,5
ER,metropolis_hastings,50,42,4,31,8,73.82,4
ER,metropolis_hastings,50,42,4,31,9,69.08,1
ER,metropolis_hastings,50,42,4,31,10,71.18,3
ER,metropolis_hastings,50,42,4,31,11,73.17,6
ER,metropolis_hastings,50,42,4,31,12,58.84,2
ER,metropolis_hastings,50,42,4,31,13,73.89,5
ER,metropolis_hastings,50,42,4,31,14,72.54,7
ER,metropolis_hastings,50,42,4,31,15,66.75,3
ER,metropolis_hastings,50,42,4,31,16,73.27,5
ER,metropolis_hastings,50,42,4,31,17,71.79,4
ER,metropolis_hastings,50,42,4,31,18,70.6,4
ER,metropolis_hastings,50,42,4,31,19,71.33,1
ER,metropolis_hastings,50,42,4,31,20,69.22,4
ER,metropolis_hastings,50,42,4,31,21,72.73,3
ER,metropolis_hastings,50,42,4,31,22,74.32,8
ER,metropolis_hastings,50,42,4,31,23,70.23,4
ER,metropolis_hastings,50,42,4,31,24,72.48,5
ER,metropolis_hastings,50,42,4,31,25,71.95,5
ER,metropolis_hastings,50,42,4,31,26,70.24,5
ER,metropolis_hastings,50,42,4,31,27,70.27,4
ER,metropolis_hastings,50,42,4,31,28,68.91,4
ER,metropolis_hastings,50,42,4,31,29,72.74,7
ER,metropolis_hastings,50,42,4,31,30,71.24,5
ER,metropolis_hastings,50,42,4,31,31,71.89,3
ER,metropolis_hastings,50,42,4,31,32,73.41,4
ER,metropolis_hastings,50,42,4,31,33,66.79,3
ER,metropolis_hastings,50,42,4,31,34,66.16,2
ER,metropolis_hastings,50,42,4,31,35,72.71,6
ER,metropolis_hastings,50,42,4,31,36,64.47,3
ER,metropolis_hastings,50,42,4,31,37,73.62,4
ER,metropolis_hastings,50,42,4,31,38,74.35,5
ER,metropolis_hastings,50,42,4,31,39,73.21,4
ER,metropolis_hastings,50,42,4,31,40,74.07,3
ER,metropolis_hastings,50,42,4,31,41,69.56,3
ER,metropolis_hastings,50,42,4,31,42,72.91,3
ER,metropolis_hastings,50,42,4,31,43,68.75,2
ER,metropolis_hastings,50,42,4,31,44,73.84,6
ER,metropolis_hastings,50,42,4,31,45,74.61,5
ER,metropolis_hastings,50,42,4,31,46,72.66,2
ER,metropolis_hastings,50,42,4,31,47,71.0,5
ER,metropolis_hastings,50,42,4,31,48,74.57,4
ER,metropolis_hastings,50,42,4,31,49,71.64,3
ER,metropolis_hastings,50,42,4,32,0,74.54,4
ER,metropolis_hastings,50,42,4,32,1,74.49,9
ER,metropolis_hastings,50,42,4,32,2,74.72,4
ER,metropolis_hastings,50,42,4,32,3,73.21,5
ER,metropolis_hastings,50,42,4,32,4,63.73,1
ER,metropolis_hastings,50,42,4,32,5,67.41,3
ER,metropolis_hastings,50,42,4,32,6,74.79,4
ER,metropolis_hastings,50,42,4,32,7,72.95,5
ER,metropolis_hastings,50,42,4,32,8,73.85,4
ER,metropolis_hastings,50,42,4,32,9,66.06,1
ER,metropolis_hastings,50,42,4,32,10,71.27,3
ER,metropolis_hastings,50,42,4,32,11,73.03,6
ER,metropolis_hastings,50,42,4,32,12,61.29,2
ER,metropolis_hastings,50,42,4,32,13,74.2,5
ER,metropolis_hastings,50,42,4,32,14,72.2,7
ER,metropolis_hastings,50,42,4,32,15,68.27,3
ER,metropolis_hastings,50,42,4,32,16,73.11,5
ER,metropolis_hastings,50,42,4,32,17,72.11,4
ER,metropolis_hastings,50,42,4,32,18,71.41,4
ER,metropolis_hastings,50,42,4,32,19,71.57,1
ER,metropolis_hastings,50,42,4,32,20,69.68,4
ER,metropolis_hastings,50,42,4,32,21,72.41,3
ER,metropolis_hastings,50,42,4,32,22,74.52,8
ER,metropolis_hastings,50,42,4,32,23,70.33,4
ER,metropolis_hastings,50,42,4,32,24,72.86,5
ER,metropolis_hastings,50,42,4,32,25,72.88,5
ER,metropolis_hastings,50,42,4,32,26,70.18,5
ER,metropolis_hastings,50,42,4,32,27,70.98,4
ER,metropolis_hastings,50,42,4,32,28,69.63,4
ER,metropolis_hastings,50,42,4,32,29,73.46,7
ER,metropolis_hastings,50,42,4,32,30,72.43,5
ER,metropolis_hastings,50,42,4,32,31,72.11,3
ER,metropolis_hastings,50,42,4,32,32,73.58,4
ER,metropolis_hastings,50,42,4,32,33,66.65,3
ER,metropolis_hastings,50,42,4,32,34,67.34,2
ER,metropolis_hastings,50,42,4,32,35,73.39,6
ER,metropolis_hastings,50,42,4,32,36,62.17,3
ER,metropolis_hastings,50,42,4,32,37,73.13,4
ER,metropolis_hastings,50,42,4,32,38,73.43,5
ER,metropolis_hastings,50,42,4,32,39,73.63,4
ER,metropolis_hastings,50,42,4,32,40,74.08,3
ER,metropolis_hastings,50,42,4,32,41,70.92,3
ER,metropolis_hastings,50,42,4,32,42,73.29,3
ER,metropolis_hastings,50,42,4,32,43,68.5,2
ER,metropolis_hastings,50,42,4,32,44,74.7,6
ER,metropolis_hastings,50,42,4,32,45,74.52,5
ER,metropolis_hastings,50,42,4,32,46,73.05,2
ER,metropolis_hastings,50,42,4,32,47,71.78,5
ER,metropolis_hastings,50,42,4,32,48,73.69,4
ER,metropolis_hastings,50,42,4,32,49,71.82,3
ER,metropolis_hastings,50,42,4,33,0,74.85,4
ER,metropolis_hastings,50,42,4,33,1,75.04,9
ER,metropolis_hastings,50,42,4,33,2,74.72,4
ER,metropolis_hastings,50,42,4,33,3,73.38,5
ER,metropolis_hastings,50,42,4,33,4,64.75,1
ER,metropolis_hastings,50,42,4,33,5,68.18,3
ER,metropolis_hastings,50,42,4,33,6,75.15,4
ER,metropolis_hastings,50,42,4,33,7,72.73,5
ER,metropolis_hastings,50,42,4,33,8,73.89,4
ER,metropolis_hastings,50,42,4,33,9,65.69,1
ER,metropolis_hastings,50,42,4,33,10,71.4,3
ER,metropolis_hastings,50,42,4,33,11,73.99,6
ER,metropolis_hastings,50,42,4,33,12,62.32,2
ER,metropolis_hastings,50,42,4,33,13,74.39,5
ER,metropolis_hastings,50,42,4,33,14,72.68,7
ER,metropolis_hastings,50,42,4,33,15,66.78,3
ER,metropolis_hastings,50,42,4,33,16,73.66,5
ER,metropolis_hastings,50,42,4,33,17,72.37,4
ER,metropolis_hastings,50,42,4,33,18,71.71,4
ER,metropolis_hastings,50,42,4,33,19,72.34,1
ER,metropolis_hastings,50,42,4,33,20,70.35,4
ER,metropolis_hastings,50,42,4,33,21,72.56,3
ER,metropolis_hastings,50,42,4,33,22,74.44,8
ER,metropolis_hastings,50,42,4,33,23,70.68,4
ER,metropolis_hastings,50,42,4,33,24,72.8,5
ER,metropolis_hastings,50,42,4,33,25,72.8,5
ER,metropolis_hastings,50,42,4,33,26,70.52,5
ER,metropolis_hastings,50,42,4,33,27,70.31,4
ER,metropolis_hastings,50,42,4,33,28,70.32,4
ER,metropolis_hastings,50,42,4,33,29,73.28,7
ER,metropolis_hastings,50,42,4,33,30,72.78,5
ER,metropolis_hastings,50,42,4,33,31,72.28,3
ER,metropolis_hastings,50,42,4,33,32,73.87,4
ER,metropolis_hastings,50,42,4,33,33,66.12,3
ER,metropolis_hastings,50,42,4,33,34,67.25,2
ER,metropolis_hastings,50,42,4,33,35,73.22,6
ER,metropolis_hastings,50,42,4,33,36,61.96,3
ER,metropolis_hastings,50,42,4,33,37,73.04,4
ER,metropolis_hastings,50,42,4,33,38,74.07,5
ER,metropolis_hastings,50,42,4,33,39,74.01,4
ER,metropolis_hastings,50,42,4,33,40,74.42,3
ER,metropolis_hastings,50,42,4,33,41,70.59,3
ER,metropolis_hastings,50,42,4,33,42,72.79,3
ER,metropolis_hastings,50,42,4,33,43,68.08,2
ER,metropolis_hastings,50,42,4,33,44,73.49,6
ER,metropolis_hastings,50,42,4,33,45,74.56,5
ER,metropolis_hastings,50,42,4,33,46,73.15,2
ER,metropolis_hastings,50,42,4,33,47,72.31,5
ER,metropolis_hastings,50,42,4,33,48,74.46,4
ER,metropolis_hastings,50,42,4,33,49,72.88,3
ER,metropolis_hastings,50,42,4,34,0,75.18,4
ER,metropolis_hastings,50,42,4,34,1,75.15,9
ER,metropolis_hastings,50,42,4,34,2,75.06,4
ER,metropolis_hastings,50,42,4,34,3,73.92,5
ER,metropolis_hastings,50,42,4,34,4,65.75,1
ER,metropolis_hastings,50,42,4,34,5,69.16,3
ER,metropolis_hastings,50,42,4,34,6,75.14,4
ER,metropolis_hastings,50,42,4,34,7,72.74,5
ER,metropolis_hastings,50,42,4,34,8,74.63,4
ER,metropolis_hastings,50,42,4,34,9,72.62,1
ER,metropolis_hastings,50,42,4,34,10,70.94,3
ER,metropolis_hastings,50,42,4,34,11,74.2,6
ER,metropolis_hastings,50,42,4,34,12,61.11,2
ER,metropolis_hastings,50,42,4,34,13,74.38,5
ER,metropolis_hastings,50,42,4,34,14,72.52,7
ER,metropolis_hastings,50,42,4,34,15,68.97,3
ER,metropolis_hastings,50,42,4,34,16,73.54,5
ER,metropolis_hastings,50,42,4,34,17,72.79,4
ER,metropolis_hastings,50,42,4,34,18,72.59,4
ER,metropolis_hastings,50,42,4,34,19,72.18,1
ER,metropolis_hastings,50,42,4,34,20,69.74,4
ER,metropolis_hastings,50,42,4,34,21,72.9,3
ER,metropolis_hastings,50,42,4,34,22,74.72,8
ER,metropolis_hastings,50,42,4,34,23,70.77,4
ER,metropolis_hastings,50,42,4,34,24,73.02,5
ER,metropolis_hastings,50,42,4,34,25,72.64,5
ER,metropolis_hastings,50,42,4,34,26,70.99,5
ER,metropolis_hastings,50,42,4,34,27,71.27,4
ER,metropolis_hastings,50,42,4,34,28,70.08,4
ER,metropolis_hastings,50,42,4,34,29,73.42,7
ER,metropolis_hastings,50,42,4,34,30,72.95,5
ER,metropolis_hastings,50,42,4,34,31,72.55,3
ER,metropolis_hastings,50,42,4,34,32,73.81,4
ER,metropolis_hastings,50,42,4,34,33,63.59,3
ER,metropolis_hastings,50,42,4,34,34,67.31,2
ER,metropolis_hastings,50,42,4,34,35,74.2,6
ER,metropolis_hastings,50,42,4,34,36,61.34,3
ER,metropolis_hastings,50,42,4,34,37,73.49,4
ER,metropolis_hastings,50,42,4,34,38,74.69,5
ER,metropolis_hastings,50,42,4,34,39,73.82,4
ER,metropolis_hastings,50,42,4,34,40,74.73,3
ER,metropolis_hastings,50,42,4,34,41,71.35,3
ER,metropolis_hastings,50,42,4,34,42,73.82,3
ER,metropolis_hastings,50,42,4,34,43,69.28,2
ER,metropolis_hastings,50,42,4,34,44,75.02,6
ER,metropolis_hastings,50,42,4,34,45,74.9,5
ER,metropolis_hastings,50,42,4,34,46,71.66,2
ER,metropolis_hastings,50,42,4,34,47,72.43,5
ER,metropolis_hastings,50,42,4,34,48,74.78,4
ER,metropolis_hastings,50,42,4,34,49,71.55,3
ER,metropolis_hastings,50,42,4,35,0,75.03,4
ER,metropolis_hastings,50,42,4,35,1,75.5,9
ER,metropolis_hastings,50,42,4,35,2,75.11,4
ER,metropolis_hastings,50,42,4,35,3,73.82,5
ER,metropolis_hastings,50,42,4,35,4,64.34,1
ER,metropolis_hastings,50,42,4,35,5,66.34,3
ER,metropolis_hastings,50,42,4,35,6,75.32,4
ER,metropolis_hastings,50,42,4,35,7,72.89,5
ER,metropolis_hastings,50,42,4,35,8,74.74,4
ER,metropolis_hastings,50,42,4,35,9,74.18,1
ER,metropolis_hastings,50,42,4,35,10,71.9,3
ER,metropolis_hastings,50,42,4,35,11,74.78,6
ER,metropolis_hastings,50,42,4,35,12,62.37,2
ER,metropolis_hastings,50,42,4,35,13,74.5,5
ER,metropolis_hastings,50,42,4,35,14,74.29,7
ER,metropolis_hastings,50,42,4,35,15,69.06,3
ER,metropolis_hastings,50,42,4,35,16,73.45,5
ER,metropolis_hastings,50,42,4,35,17,72.86,4
ER,metropolis_hastings,50,42,4,35,18,72.38,4
ER,metropolis_hastings,50,42,4,35,19,72.6,1
ER,metropolis_hastings,50,42,4,35,20,71.0,4
ER,metropolis_hastings,50,42,4,35,21,73.34,3
ER,metropolis_hastings,50,42,4,35,22,74.88,8
ER,metropolis_hastings,50,42,4,35,23,71.07,4
ER,metropolis_hastings,50,42,4,35,24,73.51,5
ER,metropolis_hastings,50,42,4,35,25,73.25,5
ER,metropolis_hastings,50,42,4,35,26,71.46,5
ER,metropolis_hastings,50,42,4,35,27,71.55,4
ER,metropolis_hastings,50,42,4,35,28,70.4,4
ER,metropolis_hastings,50,42,4,35,29,73.22,7
ER,metropolis_hastings,50,42,4,35,30,73.0,5
ER,metropolis_hastings,50,42,4,35,31,73.0,3
ER,metropolis_hastings,50,42,4,35,32,73.9,4
ER,metropolis_hastings,50,42,4,35,33,65.05,3
ER,metropolis_hastings,50,42,4,35,34,67.8,2
ER,metropolis_hastings,50,42,4,35,35,73.97,6
ER,metropolis_hastings,50,42,4,35,36,62.49,3
ER,metropolis_hastings,50,42,4,35,37,73.6,4
ER,metropolis_hastings,50,42,4,35,38,74.41,5
ER,metropolis_hastings,50,42,4,35,39,74.06,4
ER,metropolis_hastings,50,42,4,35,40,74.09,3
ER,metropolis_hastings,50,42,4,35,41,71.01,3
ER,metropolis_hastings,50,42,4,35,42,73.57,3
ER,metropolis_hastings,50,42,4,35,43,70.65,2
ER,metropolis_hastings,50,42,4,35,44,74.31,6
ER,metropolis_hastings,50,42,4,35,45,74.86,5
ER,metropolis_hastings,50,42,4,35,46,73.22,2
ER,metropolis_hastings,50,42,4,35,47,73.09,5
ER,metropolis_hastings,50,42,4,35,48,74.88,4
ER,metropolis_hastings,50,42,4,35,49,72.36,3
ER,metropolis_hastings,50,42,4,36,0,75.34,4
ER,metropolis_hastings,50,42,4,36,1,75.34,9
ER,metropolis_hastings,50,42,4,36,2,75.48,4
ER,metropolis_hastings,50,42,4,36,3,74.25,5
ER,metropolis_hastings,50,42,4,36,4,64.55,1
ER,metropolis_hastings,50,42,4,36,5,70.12,3
ER,metropolis_hastings,50,42,4,36,6,75.34,4
ER,metropolis_hastings,50,42,4,36,7,72.93,5
ER,metropolis_hastings,50,42,4,36,8,74.12,4
ER,metropolis_hastings,50,42,4,36,9,72.52,1
ER,metropolis_hastings,50,42,4,36,10,71.8,3
ER,metropolis_hastings,50,42,4,36,11,74.59,6
ER,metropolis_hastings,50,42,4,36,12,64.4,2
ER,metropolis_hastings,50,42,4,36,13,74.52,5
ER,metropolis_hastings,50,42,4,36,14,74.23,7
ER,metropolis_hastings,50,42,4,36,15,68.63,3
ER,metropolis_hastings,50,42,4,36,16,74.04,5
ER,metropolis_hastings,50,42,4,36,17,73.14,4
ER,metropolis_hastings,50,42,4,36,18,72.95,4
ER,metropolis_hastings,50,42,4,36,19,72.2,1
ER,metropolis_hastings,50,42,4,36,20,71.16,4
ER,metropolis_hastings,50,42,4,36,21,73.83,3
ER,metropolis_hastings,50,42,4,36,22,74.92,8
ER,metropolis_hastings,50,42,4,36,23,71.32,4
ER,metropolis_hastings,50,42,4,36,24,73.74,5
ER,metropolis_hastings,50,42,4,36,25,73.7,5
ER,metropolis_hastings,50,42,4,36,26,72.34,5
ER,metropolis_hastings,50,42,4,36,27,71.76,4
ER,metropolis_hastings,50,42,4,36,28,70.54,4
ER,metropolis_hastings,50,42,4,36,29,72.33,7
ER,metropolis_hastings,50,42,4,36,30,73.75,5
ER,metropolis_hastings,50,42,4,36,31,72.98,3
ER,metropolis_hastings,50,42,4,36,32,74.08,4
ER,metropolis_hastings,50,42,4,36,33,62.93,3
ER,metropolis_hastings,50,42,4,36,34,67.34,2
ER,metropolis_hastings,50,42,4,36,35,74.18,6
ER,metropolis_hastings,50,42,4,36,36,62.68,3
ER,metropolis_hastings,50,42,4,36,37,73.54,4
ER,metropolis_hastings,50,42,4,36,38,74.73,5
ER,metropolis_hastings,50,42,4,36,39,74.36,4
ER,metropolis_hastings,50,42,4,36,40,74.45,3
ER,metropolis_hastings,50,42,4,36,41,71.53,3
ER,metropolis_hastings,50,42,4,36,42,74.31,3
ER,metropolis_hastings,50,42,4,36,43,70.44,2
ER,metropolis_hastings,50,42,4,36,44,75.02,6
ER,metropolis_hastings,50,42,4,36,45,75.27,5
ER,metropolis_hastings,50,42,4,36,46,73.53,2
ER,metropolis_hastings,50,42,4,36,47,73.02,5
ER,metropolis_hastings,50,42,4,36,48,75.01,4
ER,metropolis_hastings,50,42,4,36,49,72.03,3
ER,metropolis_hastings,50,42,4,37,0,75.23,4
ER,metropolis_hastings,50,42,4,37,1,75.6,9
ER,metropolis_hastings,50,42,4,37,2,75.47,4
ER,metropolis_hastings,50,42,4,37,3,73.63,5
ER,metropolis_hastings,50,42,4,37,4,65.67,1
ER,metropolis_hastings,50,42,4,37,5,70.06,3
ER,metropolis_hastings,50,42,4,37,6,75.53,4
ER,metropolis_hastings,50,42,4,37,7,73.23,5
ER,metropolis_hastings,50,42,4,37,8,74.59,4
ER,metropolis_hastings,50,42,4,37,9,72.95,1
ER,metropolis_hastings,50,42,4,37,10,71.54,3
ER,metropolis_hastings,50,42,4,37,11,74.65,6
ER,metropolis_hastings,50,42,4,37,12,62.95,2
ER,metropolis_hastings,50,42,4,37,13,74.72,5
ER,metropolis_hastings,50,42,4,37,14,73.61,7
ER,metropolis_hastings,50,42,4,37,15,69.2,3
ER,metropolis_hastings,50,42,4,37,16,74.08,5
ER,metropolis_hastings,50,42,4,37,17,73.07,4
ER,metropolis_hastings,50,42,4,37,18,72.73,4
ER,metropolis_hastings,50,42,4,37,19,72.42,1
ER,metropolis_hastings,50,42,4,37,20,70.71,4
ER,metropolis_hastings,50,42,4,37,21,74.26,3
ER,metropolis_hastings,50,42,4,37,22,75.36,8
ER,metropolis_hastings,50,42,4,37,23,71.24,4
ER,metropolis_hastings,50,42,4,37,24,73.66,5
ER,metropolis_hastings,50,42,4,37,25,73.75,5
ER,metropolis_hastings,50,42,4,37,26,71.4,5
ER,metropolis_hastings,50,42,4,37,27,72.0,4
ER,metropolis_hastings,50,42,4,37,28,70.83,4
ER,metropolis_hastings,50,42,4,37,29,73.55,7
ER,metropolis_hastings,50,42,4,37,30,73.44,5
ER,metropolis_hastings,50,42,4,37,31,72.87,3
ER,metropolis_hastings,50,42,4,37,32,73.97,4
ER,metropolis_hastings,50,42,4,37,33,68.4,3
ER,metropolis_hastings,50,42,4,37,34,68.42,2
ER,metropolis_hastings,50,42,4,37,35,73.76,6
ER,metropolis_hastings,50,42,4,37,36,62.96,3
ER,metropolis_hastings,50,42,4,37,37,74.16,4
ER,metropolis_hastings,50,42,4,37,38,74.85,5
ER,metropolis_hastings,50,42,4,37,39,74.55,4
ER,metropolis_hastings,50,42,4,37,40,74.72,3
ER,metropolis_hastings,50,42,4,37,41,71.16,3
ER,metropolis_hastings,50,42,4,37,42,74.14,3
ER,metropolis_hastings,50,42,4,37,43,70.27,2
ER,metropolis_hastings,50,42,4,37,44,74.14,6
ER,metropolis_hastings,50,42,4,37,45,75.38,5
ER,metropolis_hastings,50,42,4,37,46,72.43,2
ER,metropolis_hastings,50,42,4,37,47,73.13,5
ER,metropolis_hastings,50,42,4,37,48,75.42,4
ER,metropolis_hastings,50,42,4,37,49,72.71,3
ER,metropolis_hastings,50,42,4,38,0,75.54,4
ER,metropolis_hastings,50,42,4,38,1,75.76,9
ER,metropolis_hastings,50,42,4,38,2,75.91,4
ER,metropolis_hastings,50,42,4,38,3,74.55,5
ER,metropolis_hastings,50,42,4,38,4,64.01,1
ER,metropolis_hastings,50,42,4,38,5,70.17,3
ER,metropolis_hastings,50,42,4,38,6,75.9,4
ER,metropolis_hastings,50,42,4,38,7,73.46,5
ER,metropolis_hastings,50,42,4,38,8,74.65,4
ER,metropolis_hastings,50,42,4,38,9,70.77,1
ER,metropolis_hastings,50,42,4,38,10,72.41,3
ER,metropolis_hastings,50,42,4,38,11,75.29,6
ER,metropolis_hastings,50,42,4,38,12,62.69,2
ER,metropolis_hastings,50,42,4,38,13,74.95,5
ER,metropolis_hastings,50,42,4,38,14,73.21,7
ER,metropolis_hastings,50,42,4,38,15,70.01,3
ER,metropolis_hastings,50,42,4,38,16,74.63,5
ER,metropolis_hastings,50,42,4,38,17,73.51,4
ER,metropolis_hastings,50,42,4,38,18,73.28,4
ER,metropolis_hastings,50,42,4,38,19,73.18,1
ER,metropolis_hastings,50,42,4,38,20,71.43,4
ER,metropolis_hastings,50,42,4,38,21,74.14,3
ER,metropolis_hastings,50,42,4,38,22,75.77,8
ER,metropolis_hastings,50,42,4,38,23,71.72,4
ER,metropolis_hastings,50,42,4,38,24,74.09,5
ER,metropolis_hastings,50,42,4,38,25,73.11,5
ER,metropolis_hastings,50,42,4,38,26,71.23,5
ER,metropolis_hastings,50,42,4,38,27,72.71,4
ER,metropolis_hastings,50,42,4,38,28,70.94,4
ER,metropolis_hastings,50,42,4,38,29,75.09,7
ER,metropolis_hastings,50,42,4,38,30,73.96,5
ER,metropolis_hastings,50,42,4,38,31,73.3,3
ER,metropolis_hastings,50,42,4,38,32,74.49,4
ER,metropolis_hastings,50,42,4,38,33,66.45,3
ER,metropolis_hastings,50,42,4,38,34,68.83,2
ER,metropolis_hastings,50,42,4,38,35,73.86,6
ER,metropolis_hastings,50,42,4,38,36,66.55,3
ER,metropolis_hastings,50,42,4,38,37,73.91,4
ER,metropolis_hastings,50,42,4,38,38,75.0,5
ER,metropolis_hastings,50,42,4,38,39,74.6,4
ER,metropolis_hastings,50,42,4,38,40,75.04,3
ER,metropolis_hastings,50,42,4,38,41,71.83,3
ER,metropolis_hastings,50,42,4,38,42,74.26,3
ER,metropolis_hastings,50,42,4,38,43,70.29,2
ER,metropolis_hastings,50,42,4,38,44,75.65,6
ER,metropolis_hastings,50,42,4,38,45,75.35,5
ER,metropolis_hastings,50,42,4,38,46,74.41,2
ER,metropolis_hastings,50,42,4,38,47,72.82,5
ER,metropolis_hastings,50,42,4,38,48,75.52,4
ER,metropolis_hastings,50,42,4,38,49,75.24,3
ER,metropolis_hastings,50,42,4,39,0,75.59,4
ER,metropolis_hastings,50,42,4,39,1,75.7,9
ER,metropolis_hastings,50,42,4,39,2,75.6,4
ER,metropolis_hastings,50,42,4,39,3,74.81,5
ER,metropolis_hastings,50,42,4,39,4,66.2,1
ER,metropolis_hastings,50,42,4,39,5,70.55,3
ER,metropolis_hastings,50,42,4,39,6,75.57,4
ER,metropolis_hastings,50,42,4,39,7,73.39,5
ER,metropolis_hastings,50,42,4,39,8,75.02,4
ER,metropolis_hastings,50,42,4,39,9,66.4,1
ER,metropolis_hastings,50,42,4,39,10,72.22,3
ER,metropolis_hastings,50,42,4,39,11,75.16,6
ER,metropolis_hastings,50,42,4,39,12,64.32,2
ER,metropolis_hastings,50,42,4,39,13,75.18,5
ER,metropolis_hastings,50,42,4,39,14,73.27,7
ER,metropolis_hastings,50,42,4,39,15,68.77,3
ER,metropolis_hastings,50,42,4,39,16,74.57,5
ER,metropolis_hastings,50,42,4,39,17,74.03,4
ER,metropolis_hastings,50,42,4,39,18,73.37,4
ER,metropolis_hastings,50,42,4,39,19,73.37,1
ER,metropolis_hastings,50,42,4,39,20,71.46,4
ER,metropolis_hastings,50,42,4,39,21,74.13,3
ER,metropolis_hastings,50,42,4,39,22,75.39,8
ER,metropolis_hastings,50,42,4,39,23,72.53,4
ER,metropolis_hastings,50,42,4,39,24,74.21,5
ER,metropolis_hastings,50,42,4,39,25,73.99,5
ER,metropolis_hastings,50,42,4,39,26,70.7,5
ER,metropolis_hastings,50,42,4,39,27,72.42,4
ER,metropolis_hastings,50,42,4,39,28,72.11,4
ER,metropolis_hastings,50,42,4,39,29,74.47,7
ER,metropolis_hastings,50,42,4,39,30,73.95,5
ER,metropolis_hastings,50,42,4,39,31,73.54,3
ER,metropolis_hastings,50,42,4,39,32,74.2,4
ER,metropolis_hastings,50,42,4,39,33,63.79,3
ER,metropolis_hastings,50,42,4,39,34,68.48,2
ER,metropolis_hastings,50,42,4,39,35,74.05,6
ER,metropolis_hastings,50,42,4,39,36,63.36,3
ER,metropolis_hastings,50,42,4,39,37,74.05,4
ER,metropolis_hastings,50,42,4,39,38,75.12,5
ER,metropolis_hastings,50,42,4,39,39,74.64,4
ER,metropolis_hastings,50,42,4,39,40,75.06,3
ER,metropolis_hastings,50,42,4,39,41,72.55,3
ER,metropolis_hastings,50,42,4,39,42,74.75,3
ER,metropolis_hastings,50,42,4,39,43,70.25,2
ER,metropolis_hastings,50,42,4,39,44,75.36,6
ER,metropolis_hastings,50,42,4,39,45,75.6,5
ER,metropolis_hastings,50,42,4,39,46,74.23,2
ER,metropolis_hastings,50,42,4,39,47,73.61,5
ER,metropolis_hastings,50,42,4,39,48,75.83,4
ER,metropolis_hastings,50,42,4,39,49,72.97,3
ER,metropolis_hastings,50,42,4,40,0,75.43,4
ER,metropolis_hastings,50,42,4,40,1,75.96,9
ER,metropolis_hastings,50,42,4,40,2,76.04,4
ER,metropolis_hastings,50,42,4,40,3,74.71,5
ER,metropolis_hastings,50,42,4,40,4,66.16,1
ER,metropolis_hastings,50,42,4,40,5,69.97,3
ER,metropolis_hastings,50,42,4,40,6,75.97,4
ER,metropolis_hastings,50,42,4,40,7,73.74,5
ER,metropolis_hastings,50,42,4,40,8,75.16,4
ER,metropolis_hastings,50,42,4,40,9,70.2,1
ER,metropolis_hastings,50,42,4,40,10,72.39,3
ER,metropolis_hastings,50,42,4,40,11,75.24,6
ER,metropolis_hastings,50,42,4,40,12,64.78,2
ER,metropolis_hastings,50,42,4,40,13,75.1,5
ER,metropolis_hastings,50,42,4,40,14,74.11,7
ER,metropolis_hastings,50,42,4,40,15,68.87,3
ER,metropolis_hastings,50,42,4,40,16,74.4,5
ER,metropolis_hastings,50,42,4,40,17,74.04,4
ER,metropolis_hastings,50,42,4,40,18,73.55,4
ER,metropolis_hastings,50,42,4,40,19,73.49,1
ER,metropolis_hastings,50,42,4,40,20,71.28,4
ER,metropolis_hastings,50,42,4,40,21,74.51,3
ER,metropolis_hastings,50,42,4,40,22,76.02,8
ER,metropolis_hastings,50,42,4,40,23,72.01,4
ER,metropolis_hastings,50,42,4,40,24,74.18,5
ER,metropolis_hastings,50,42,4,40,25,73.5,5
ER,metropolis_hastings,50,42,4,40,26,71.41,5
ER,metropolis_hastings,50,42,4,40,27,72.32,4
ER,metropolis_hastings,50,42,4,40,28,71.45,4
ER,metropolis_hastings,50,42,4,40,29,74.84,7
ER,metropolis_hastings,50,42,4,40,30,74.38,5
ER,metropolis_hastings,50,42,4,40,31,73.85,3
ER,metropolis_hastings,50,42,4,40,32,74.48,4
ER,metropolis_hastings,50,42,4,40,33,67.53,3
ER,metropolis_hastings,50,42,4,40,34,67.93,2
ER,metropolis_hastings,50,42,4,40,35,74.84,6
ER,metropolis_hastings,50,42,4,40,36,63.47,3
ER,metropolis_hastings,50,42,4,40,37,75.32,4
ER,metropolis_hastings,50,42,4,40,38,75.07,5
ER,metropolis_hastings,50,42,4,40,39,74.86,4
ER,metropolis_hastings,50,42,4,40,40,75.16,3
ER,metropolis_hastings,50,42,4,40,41,72.44,3
ER,metropolis_hastings,50,42,4,40,42,74.22,3
ER,metropolis_hastings,50,42,4,40,43,71.21,2
ER,metropolis_hastings,50,42,4,40,44,75.63,6
ER,metropolis_hastings,50,42,4,40,45,75.49,5
ER,metropolis_hastings,50,42,4,40,46,74.84,2
ER,metropolis_hastings,50,42,4,40,47,73.75,5
ER,metropolis_hastings,50,42,4,40,48,75.75,4
ER,metropolis_hastings,50,42,4,40,49,74.31,3
